route,direction_id,stop_sequence,stop_id,stop_name,lat,lon,source,source_date,direction_name
1,0,1,sprav:2594,Чертаново Южное,55.59468022,37.59088377,справочник,2025-10-11,Чертаново Южное — Москворецкий рынок
1,0,2,sprav:2595,Чертаново Южное,55.59657683,37.58807507,справочник,2025-10-11,Чертаново Южное — Москворецкий рынок
1,0,3,sprav:7879,Поликлиника,55.59872098,37.58852605,справочник,2025-10-11,Чертаново Южное — Москворецкий рынок
1,0,4,sprav:2597,"ОВД ""Чертаново Южное""",55.60048714,37.58896473,справочник,2025-10-11,Чертаново Южное — Москворецкий рынок
1,0,5,sprav:3804,"Чертановская улица, 53",55.60246308,37.58945246,справочник,2025-10-11,Чертаново Южное — Москворецкий рынок
1,0,6,sprav:7880,Кировоградские пруды,55.60611312,37.5903004,справочник,2025-10-11,Чертаново Южное — Москворецкий рынок
1,0,7,sprav:2598,"Чертановская улица, 44",55.60899713,37.59102749,справочник,2025-10-11,Чертаново Южное — Москворецкий рынок
1,0,8,sprav:2599,Чертаново Центральное,55.61351128,37.59215968,справочник,2025-10-11,Чертаново Южное — Москворецкий рынок
1,0,9,sprav:2600,Детская стоматологическая поликлиника,55.61623051,37.59299208,справочник,2025-10-11,Чертаново Южное — Москворецкий рынок
1,0,10,sprav:3805,"Чертановская улица, 28",55.61949019,37.59394526,справочник,2025-10-11,Чертаново Южное — Москворецкий рынок
1,0,11,sprav:7883,"Кинотеатр ""Ашхабад""",55.62456713,37.59605983,справочник,2025-10-11,Чертаново Южное — Москворецкий рынок
1,0,12,sprav:2602,Школьный парк,55.62849035,37.59899743,справочник,2025-10-11,Чертаново Южное — Москворецкий рынок
1,0,13,sprav:2603,Футбольная школа Чертаново,55.63118209,37.60102877,справочник,2025-10-11,Чертаново Южное — Москворецкий рынок
1,0,14,sprav:2604,Сумской проезд,55.63486141,37.60393742,справочник,2025-10-11,Чертаново Южное — Москворецкий рынок
1,0,15,sprav:2605,Верхний Чертановский пруд,55.63774302,37.60526029,справочник,2025-10-11,Чертаново Южное — Москворецкий рынок
1,0,16,sprav:2606,"Метро ""Чертановская""",55.64036325,37.60573152,справочник,2025-10-11,Чертаново Южное — Москворецкий рынок
1,0,17,sprav:2607,Балаклавский проспект,55.64306927,37.60569728,справочник,2025-10-11,Чертаново Южное — Москворецкий рынок
1,0,18,sprav:2608,Черноморский бульвар,55.6451741,37.60565615,справочник,2025-10-11,Чертаново Южное — Москворецкий рынок
1,0,19,sprav:2609,"Симферопольский бульвар, 20",55.64941433,37.60557104,справочник,2025-10-11,Чертаново Южное — Москворецкий рынок
1,0,20,sprav:2610,"Метро ""Каховская""",55.65288042,37.60563747,справочник,2025-10-11,Чертаново Южное — Москворецкий рынок
1,0,21,sprav:2611,Болотниковская улица,55.65634537,37.60558607,справочник,2025-10-11,Чертаново Южное — Москворецкий рынок
1,0,22,sprav:2612,Москворецкий рынок,55.65841001,37.60862856,справочник,2025-10-11,Чертаново Южное — Москворецкий рынок
1,1,1,sprav:2612,Москворецкий рынок,55.65841001,37.60862856,справочник,2025-10-11,Москворецкий рынок — Чертаново Южное
1,1,2,sprav:2613,Болотниковская улица,55.65619014,37.60520769,справочник,2025-10-11,Москворецкий рынок — Чертаново Южное
1,1,3,sprav:2614,"Метро ""Каховская""",55.65352634,37.60513109,справочник,2025-10-11,Москворецкий рынок — Чертаново Южное
1,1,4,sprav:2615,"Симферопольский бульвар, 20",55.64911174,37.60538678,справочник,2025-10-11,Москворецкий рынок — Чертаново Южное
1,1,5,sprav:2616,Черноморский бульвар,55.64561675,37.60545188,справочник,2025-10-11,Москворецкий рынок — Чертаново Южное
1,1,6,sprav:2617,Балаклавский проспект,55.64261869,37.6055104,справочник,2025-10-11,Москворецкий рынок — Чертаново Южное
1,1,7,sprav:2618,"Метро ""Чертановская""",55.64029108,37.60549058,справочник,2025-10-11,Москворецкий рынок — Чертаново Южное
1,1,8,sprav:2619,Верхний Чертановский пруд,55.63783765,37.60508089,справочник,2025-10-11,Москворецкий рынок — Чертаново Южное
1,1,9,sprav:2620,Сумской проезд,55.6339017,37.60309472,справочник,2025-10-11,Москворецкий рынок — Чертаново Южное
1,1,10,sprav:2621,Футбольная школа Чертаново,55.63134129,37.60087457,справочник,2025-10-11,Москворецкий рынок — Чертаново Южное
1,1,11,sprav:2622,Школьный парк,55.62872139,37.59842823,справочник,2025-10-11,Москворецкий рынок — Чертаново Южное
1,1,12,sprav:2623,"Кинотеатр ""Ашхабад""",55.62422888,37.59565143,справочник,2025-10-11,Москворецкий рынок — Чертаново Южное
1,1,13,sprav:3806,"Чертановская улица, 28",55.61971205,37.5937583,справочник,2025-10-11,Москворецкий рынок — Чертаново Южное
1,1,14,sprav:2625,Детская стоматологическая поликлиника,55.61639525,37.59277378,справочник,2025-10-11,Москворецкий рынок — Чертаново Южное
1,1,15,sprav:2626,Чертаново Центральное,55.6117993,37.59149031,справочник,2025-10-11,Москворецкий рынок — Чертаново Южное
1,1,16,sprav:7884,"Чертановская улица, 44",55.60913901,37.59083221,справочник,2025-10-11,Москворецкий рынок — Чертаново Южное
1,1,17,sprav:7885,Кировоградские пруды,55.60600164,37.59010077,справочник,2025-10-11,Москворецкий рынок — Чертаново Южное
1,1,18,sprav:3807,"Чертановская улица, 53",55.60254477,37.5892918,справочник,2025-10-11,Москворецкий рынок — Чертаново Южное
1,1,19,sprav:2627,"ОВД ""Чертаново Южное""",55.60080494,37.5888636,справочник,2025-10-11,Москворецкий рынок — Чертаново Южное
1,1,20,sprav:2596,Поликлиника,55.5989509,37.58842431,справочник,2025-10-11,Москворецкий рынок — Чертаново Южное
1,1,21,sprav:2628,Чертаново Южное,55.59667811,37.58788823,справочник,2025-10-11,Москворецкий рынок — Чертаново Южное
1,1,22,sprav:2594,Чертаново Южное,55.59468022,37.59088377,справочник,2025-10-11,Москворецкий рынок — Чертаново Южное
5,0,1,sprav:22101,"Метро ""Рижская""",55.79273918,37.63413048,справочник,2025-12-16,"Метро ""Рижская"" — Белорусский вокзал"
5,0,2,sprav:22632,Улица Гиляровского,55.789966,37.63267531,справочник,2025-12-16,"Метро ""Рижская"" — Белорусский вокзал"
5,0,3,sprav:22631,Улица Щепкина,55.78904433,37.6296427,справочник,2025-12-16,"Метро ""Рижская"" — Белорусский вокзал"
5,0,4,sprav:22629,Олимпийский проспект,55.78875653,37.62320838,справочник,2025-12-16,"Метро ""Рижская"" — Белорусский вокзал"
5,0,5,sprav:22626,Улица Советской Армии,55.78855199,37.61725226,справочник,2025-12-16,"Метро ""Рижская"" — Белорусский вокзал"
5,0,6,sprav:1000594,МИИТ,55.78888604,37.61010557,справочник,2025-12-16,"Метро ""Рижская"" — Белорусский вокзал"
5,0,7,sprav:6289,Улица Образцова,55.79009323,37.60892124,справочник,2025-12-16,"Метро ""Рижская"" — Белорусский вокзал"
5,0,8,sprav:6290,Дворец культуры МИИТ,55.78979413,37.60447266,справочник,2025-12-16,"Метро ""Рижская"" — Белорусский вокзал"
5,0,9,sprav:6598,Минаевский переулок,55.7895382,37.60115188,справочник,2025-12-16,"Метро ""Рижская"" — Белорусский вокзал"
5,0,10,sprav:10559,Тихвинский переулок,55.78791637,37.60050042,справочник,2025-12-16,"Метро ""Рижская"" — Белорусский вокзал"
5,0,11,sprav:16606,Улица Палиха,55.78482452,37.6006964,справочник,2025-12-16,"Метро ""Рижская"" — Белорусский вокзал"
5,0,12,sprav:16608,Лесная улица,55.78384494,37.59629689,справочник,2025-12-16,"Метро ""Рижская"" — Белорусский вокзал"
5,0,13,sprav:16609,Миусское депо,55.78107394,37.59229699,справочник,2025-12-16,"Метро ""Рижская"" — Белорусский вокзал"
5,0,14,sprav:16611,Дом культуры имени Зуева,55.77938614,37.58970088,справочник,2025-12-16,"Метро ""Рижская"" — Белорусский вокзал"
5,0,15,sprav:16612,"Метро ""Белорусская""",55.77726964,37.58648288,справочник,2025-12-16,"Метро ""Рижская"" — Белорусский вокзал"
5,0,16,sprav:1001795,Белорусский вокзал,55.77634643,37.58343516,справочник,2025-12-16,"Метро ""Рижская"" — Белорусский вокзал"
5,1,1,sprav:1001795,Белорусский вокзал,55.77634643,37.58343516,справочник,2025-12-16,"Белорусский вокзал — Метро ""Рижская"""
5,1,2,sprav:16614,"Метро ""Белорусская""",55.77714634,37.58669239,справочник,2025-12-16,"Белорусский вокзал — Метро ""Рижская"""
5,1,3,sprav:1002779,Дом культуры имени Зуева,55.77925154,37.58994928,справочник,2025-12-16,"Белорусский вокзал — Метро ""Рижская"""
5,1,4,sprav:16610,Миусское депо,55.78086451,37.59247197,справочник,2025-12-16,"Белорусский вокзал — Метро ""Рижская"""
5,1,5,sprav:16607,Лесная улица,55.78370364,37.59664108,справочник,2025-12-16,"Белорусский вокзал — Метро ""Рижская"""
5,1,6,sprav:21549,Улица Палиха,55.78579101,37.60160559,справочник,2025-12-16,"Белорусский вокзал — Метро ""Рижская"""
5,1,7,sprav:10560,Тихвинский переулок,55.7875859,37.60090453,справочник,2025-12-16,"Белорусский вокзал — Метро ""Рижская"""
5,1,8,sprav:6294,Минаевский переулок,55.78947323,37.60257556,справочник,2025-12-16,"Белорусский вокзал — Метро ""Рижская"""
5,1,9,sprav:1000596,Дворец культуры МИИТ,55.7896183,37.60493144,справочник,2025-12-16,"Белорусский вокзал — Метро ""Рижская"""
5,1,10,sprav:6295,Улица Образцова,55.78993401,37.60909998,справочник,2025-12-16,"Белорусский вокзал — Метро ""Рижская"""
5,1,11,sprav:22621,МИИТ,55.78904404,37.60980978,справочник,2025-12-16,"Белорусский вокзал — Метро ""Рижская"""
5,1,12,sprav:22627,Улица Советской Армии,55.78844884,37.6160698,справочник,2025-12-16,"Белорусский вокзал — Метро ""Рижская"""
5,1,13,sprav:22628,Олимпийский проспект,55.78866905,37.6217527,справочник,2025-12-16,"Белорусский вокзал — Метро ""Рижская"""
5,1,14,sprav:22630,Улица Щепкина,55.7888373,37.62820185,справочник,2025-12-16,"Белорусский вокзал — Метро ""Рижская"""
5,1,15,sprav:22633,Улица Гиляровского,55.79089476,37.63345573,справочник,2025-12-16,"Белорусский вокзал — Метро ""Рижская"""
5,1,16,sprav:22101,"Метро ""Рижская""",55.79273918,37.63413048,справочник,2025-12-16,"Белорусский вокзал — Метро ""Рижская"""
7,0,1,sprav:8605,"Метро ""Бульвар Рокоссовского""",55.81425897,37.73418276,справочник,2025-12-20,"Метро ""Бульвар Рокоссовского"" — Белорусский вокзал"
7,0,2,sprav:8604,"Метро ""Бульвар Рокоссовского""",55.81522012,37.7329065,справочник,2025-12-20,"Метро ""Бульвар Рокоссовского"" — Белорусский вокзал"
7,0,3,sprav:3693,5-й проезд Подбельского,55.81686572,37.72699156,справочник,2025-12-20,"Метро ""Бульвар Рокоссовского"" — Белорусский вокзал"
7,0,4,sprav:3694,3-й проезд Подбельского,55.81835183,37.72173105,справочник,2025-12-20,"Метро ""Бульвар Рокоссовского"" — Белорусский вокзал"
7,0,5,sprav:3695,Игральная улица,55.81836239,37.71625979,справочник,2025-12-20,"Метро ""Бульвар Рокоссовского"" — Белорусский вокзал"
7,0,6,sprav:3696,Погонный проезд,55.81977294,37.70979649,справочник,2025-12-20,"Метро ""Бульвар Рокоссовского"" — Белорусский вокзал"
7,0,7,sprav:3697,Ланинский переулок,55.81903485,37.70534718,справочник,2025-12-20,"Метро ""Бульвар Рокоссовского"" — Белорусский вокзал"
7,0,8,sprav:3698,Богородское,55.81702234,37.7008883,справочник,2025-12-20,"Метро ""Бульвар Рокоссовского"" — Белорусский вокзал"
7,0,9,sprav:6162,Богородский храм,55.81492094,37.69562276,справочник,2025-12-20,"Метро ""Бульвар Рокоссовского"" — Белорусский вокзал"
7,0,10,sprav:3614,Инновационный университет,55.81229936,37.69781074,справочник,2025-12-20,"Метро ""Бульвар Рокоссовского"" — Белорусский вокзал"
7,0,11,sprav:3615,1-я Прогонная улица,55.80998018,37.70357601,справочник,2025-12-20,"Метро ""Бульвар Рокоссовского"" — Белорусский вокзал"
7,0,12,sprav:3616,"Телерадиокомпания ""МИР""",55.80717974,37.70608636,справочник,2025-12-20,"Метро ""Бульвар Рокоссовского"" — Белорусский вокзал"
7,0,13,sprav:3617,Мосгорсуд,55.80466788,37.70709936,справочник,2025-12-20,"Метро ""Бульвар Рокоссовского"" — Белорусский вокзал"
7,0,14,sprav:3618,Улица Хромова,55.79992558,37.71265136,справочник,2025-12-20,"Метро ""Бульвар Рокоссовского"" — Белорусский вокзал"
7,0,15,sprav:8630,"Метро ""Преображенская площадь""",55.79762528,37.71451347,справочник,2025-12-20,"Метро ""Бульвар Рокоссовского"" — Белорусский вокзал"
7,0,16,sprav:6242,Преображенская площадь,55.79524841,37.70927947,справочник,2025-12-20,"Метро ""Бульвар Рокоссовского"" — Белорусский вокзал"
7,0,17,sprav:3445,Трамвайное депо имени Русакова,55.79456422,37.69947064,справочник,2025-12-20,"Метро ""Бульвар Рокоссовского"" — Белорусский вокзал"
7,0,18,sprav:6365,Малая Остроумовская улица,55.79319443,37.690769,справочник,2025-12-20,"Метро ""Бульвар Рокоссовского"" — Белорусский вокзал"
7,0,19,sprav:6366,"Клуб Русакова - Сцена ""Мельников""",55.7915125,37.68653569,справочник,2025-12-20,"Метро ""Бульвар Рокоссовского"" — Белорусский вокзал"
7,0,20,sprav:1002188,"Метро ""Сокольники""",55.78931715,37.68092463,справочник,2025-12-20,"Метро ""Бульвар Рокоссовского"" — Белорусский вокзал"
7,0,21,sprav:6164,МЦД Митьково,55.78526693,37.67560718,справочник,2025-12-20,"Метро ""Бульвар Рокоссовского"" — Белорусский вокзал"
7,0,22,sprav:6165,Леснорядская улица,55.78170137,37.67039099,справочник,2025-12-20,"Метро ""Бульвар Рокоссовского"" — Белорусский вокзал"
7,0,23,sprav:6166,"Метро ""Красносельская""",55.77971829,37.66659557,справочник,2025-12-20,"Метро ""Бульвар Рокоссовского"" — Белорусский вокзал"
7,0,24,sprav:13919,"Метро ""Комсомольская""",55.77552831,37.65623168,справочник,2025-12-20,"Метро ""Бульвар Рокоссовского"" — Белорусский вокзал"
7,0,25,sprav:22638,МЦД Площадь трёх вокзалов,55.77473788,37.65289941,справочник,2025-12-20,"Метро ""Бульвар Рокоссовского"" — Белорусский вокзал"
7,0,26,sprav:3450,Каланчёвская улица,55.77634369,37.64971228,справочник,2025-12-20,"Метро ""Бульвар Рокоссовского"" — Белорусский вокзал"
7,0,27,sprav:21551,Пантелеевская улица,55.77951421,37.64543248,справочник,2025-12-20,"Метро ""Бульвар Рокоссовского"" — Белорусский вокзал"
7,0,28,sprav:7258,Астраханский переулок,55.77974859,37.64162925,справочник,2025-12-20,"Метро ""Бульвар Рокоссовского"" — Белорусский вокзал"
7,0,29,sprav:13134,Ботанический переулок,55.77997341,37.6391092,справочник,2025-12-20,"Метро ""Бульвар Рокоссовского"" — Белорусский вокзал"
7,0,30,sprav:4173,"Метро ""Проспект Мира""",55.7804434,37.6345373,справочник,2025-12-20,"Метро ""Бульвар Рокоссовского"" — Белорусский вокзал"
7,0,31,sprav:16514,"Спорткомплекс ""Олимпийский""",55.7807391,37.63235141,справочник,2025-12-20,"Метро ""Бульвар Рокоссовского"" — Белорусский вокзал"
7,0,32,sprav:14133,Улица Гиляровского,55.77919093,37.63072917,справочник,2025-12-20,"Метро ""Бульвар Рокоссовского"" — Белорусский вокзал"
7,0,33,sprav:4174,Улица Щепкина,55.77836559,37.62956519,справочник,2025-12-20,"Метро ""Бульвар Рокоссовского"" — Белорусский вокзал"
7,0,34,sprav:1002615,Театр зверей имени Дурова,55.7790867,37.62317172,справочник,2025-12-20,"Метро ""Бульвар Рокоссовского"" — Белорусский вокзал"
7,0,35,sprav:4176,Самотёчная улица,55.77860272,37.61683998,справочник,2025-12-20,"Метро ""Бульвар Рокоссовского"" — Белорусский вокзал"
7,0,36,sprav:4177,4-й Самотёчный переулок,55.77930654,37.61339067,справочник,2025-12-20,"Метро ""Бульвар Рокоссовского"" — Белорусский вокзал"
7,0,37,sprav:4178,Селезнёвская улица,55.78053319,37.60917231,справочник,2025-12-20,"Метро ""Бульвар Рокоссовского"" — Белорусский вокзал"
7,0,38,sprav:4179,Улица Достоевского,55.78262541,37.61100272,справочник,2025-12-20,"Метро ""Бульвар Рокоссовского"" — Белорусский вокзал"
7,0,39,sprav:22368,Площадь Борьбы,55.78515112,37.60507099,справочник,2025-12-20,"Метро ""Бульвар Рокоссовского"" — Белорусский вокзал"
7,0,40,sprav:16606,Улица Палиха,55.78482452,37.6006964,справочник,2025-12-20,"Метро ""Бульвар Рокоссовского"" — Белорусский вокзал"
7,0,41,sprav:16608,Лесная улица,55.78384494,37.59629689,справочник,2025-12-20,"Метро ""Бульвар Рокоссовского"" — Белорусский вокзал"
7,0,42,sprav:16609,Миусское депо,55.78107394,37.59229699,справочник,2025-12-20,"Метро ""Бульвар Рокоссовского"" — Белорусский вокзал"
7,0,43,sprav:16611,Дом культуры имени Зуева,55.77938614,37.58970088,справочник,2025-12-20,"Метро ""Бульвар Рокоссовского"" — Белорусский вокзал"
7,0,44,sprav:16612,"Метро ""Белорусская""",55.77726964,37.58648288,справочник,2025-12-20,"Метро ""Бульвар Рокоссовского"" — Белорусский вокзал"
7,0,45,sprav:1001795,Белорусский вокзал,55.77634643,37.58343516,справочник,2025-12-20,"Метро ""Бульвар Рокоссовского"" — Белорусский вокзал"
7,1,1,sprav:1001795,Белорусский вокзал,55.77634643,37.58343516,справочник,2025-12-20,"Белорусский вокзал — Метро ""Бульвар Рокоссовского"""
7,1,2,sprav:16614,"Метро ""Белорусская""",55.77714634,37.58669239,справочник,2025-12-20,"Белорусский вокзал — Метро ""Бульвар Рокоссовского"""
7,1,3,sprav:1002779,Дом культуры имени Зуева,55.77925154,37.58994928,справочник,2025-12-20,"Белорусский вокзал — Метро ""Бульвар Рокоссовского"""
7,1,4,sprav:16610,Миусское депо,55.78086451,37.59247197,справочник,2025-12-20,"Белорусский вокзал — Метро ""Бульвар Рокоссовского"""
7,1,5,sprav:16607,Лесная улица,55.78370364,37.59664108,справочник,2025-12-20,"Белорусский вокзал — Метро ""Бульвар Рокоссовского"""
7,1,6,sprav:21544,Улица Палиха,55.78514864,37.60259878,справочник,2025-12-20,"Белорусский вокзал — Метро ""Бульвар Рокоссовского"""
7,1,7,sprav:1009846,Площадь Борьбы,55.78433889,37.60644146,справочник,2025-12-20,"Белорусский вокзал — Метро ""Бульвар Рокоссовского"""
7,1,8,sprav:4181,Улица Достоевского,55.78302671,37.61039943,справочник,2025-12-20,"Белорусский вокзал — Метро ""Бульвар Рокоссовского"""
7,1,9,sprav:4182,Селезнёвская улица,55.78114054,37.6091626,справочник,2025-12-20,"Белорусский вокзал — Метро ""Бульвар Рокоссовского"""
7,1,10,sprav:13136,4-й Самотёчный переулок,55.77937305,37.61283405,справочник,2025-12-20,"Белорусский вокзал — Метро ""Бульвар Рокоссовского"""
7,1,11,sprav:4184,Самотёчная улица,55.77847152,37.6166926,справочник,2025-12-20,"Белорусский вокзал — Метро ""Бульвар Рокоссовского"""
7,1,12,sprav:4185,Театр зверей имени Дурова,55.77897066,37.62313801,справочник,2025-12-20,"Белорусский вокзал — Метро ""Бульвар Рокоссовского"""
7,1,13,sprav:4186,Улица Щепкина,55.77826007,37.62996712,справочник,2025-12-20,"Белорусский вокзал — Метро ""Бульвар Рокоссовского"""
7,1,14,sprav:13137,Улица Гиляровского,55.77922948,37.63100066,справочник,2025-12-20,"Белорусский вокзал — Метро ""Бульвар Рокоссовского"""
7,1,15,sprav:16515,"Спорткомплекс ""Олимпийский""",55.78055104,37.63249961,справочник,2025-12-20,"Белорусский вокзал — Метро ""Бульвар Рокоссовского"""
7,1,16,sprav:4187,"Метро ""Проспект Мира""",55.78033636,37.63426668,справочник,2025-12-20,"Белорусский вокзал — Метро ""Бульвар Рокоссовского"""
7,1,17,sprav:13135,Ботанический переулок,55.77978343,37.63967709,справочник,2025-12-20,"Белорусский вокзал — Метро ""Бульвар Рокоссовского"""
7,1,18,sprav:4172,Астраханский переулок,55.77959408,37.64217475,справочник,2025-12-20,"Белорусский вокзал — Метро ""Бульвар Рокоссовского"""
7,1,19,sprav:21542,Пантелеевская улица,55.77943766,37.64511275,справочник,2025-12-20,"Белорусский вокзал — Метро ""Бульвар Рокоссовского"""
7,1,20,sprav:3422,Каланчёвская улица,55.77587563,37.65008548,справочник,2025-12-20,"Белорусский вокзал — Метро ""Бульвар Рокоссовского"""
7,1,21,sprav:22640,МЦД Площадь трёх вокзалов,55.77458851,37.65317522,справочник,2025-12-20,"Белорусский вокзал — Метро ""Бульвар Рокоссовского"""
7,1,22,sprav:13920,"Метро ""Комсомольская""",55.77528444,37.65583193,справочник,2025-12-20,"Белорусский вокзал — Метро ""Бульвар Рокоссовского"""
7,1,23,sprav:4190,"Метро ""Красносельская""",55.7791991,37.66570764,справочник,2025-12-20,"Белорусский вокзал — Метро ""Бульвар Рокоссовского"""
7,1,24,sprav:6760,Леснорядская улица,55.78173574,37.6707031,справочник,2025-12-20,"Белорусский вокзал — Метро ""Бульвар Рокоссовского"""
7,1,25,sprav:6157,МЦД Митьково,55.78534016,37.67586004,справочник,2025-12-20,"Белорусский вокзал — Метро ""Бульвар Рокоссовского"""
7,1,26,sprav:14018,"Метро ""Сокольники""",55.78926192,37.68108697,справочник,2025-12-20,"Белорусский вокзал — Метро ""Бульвар Рокоссовского"""
7,1,27,sprav:3702,"Клуб Русакова - Сцена ""Мельников""",55.79142768,37.68664524,справочник,2025-12-20,"Белорусский вокзал — Метро ""Бульвар Рокоссовского"""
7,1,28,sprav:6158,Малая Остроумовская улица,55.7931836,37.69116107,справочник,2025-12-20,"Белорусский вокзал — Метро ""Бульвар Рокоссовского"""
7,1,29,sprav:6159,Трамвайное депо имени Русакова,55.79429628,37.69824516,справочник,2025-12-20,"Белорусский вокзал — Метро ""Бульвар Рокоссовского"""
7,1,30,sprav:3703,Преображенская площадь,55.79516086,37.70936603,справочник,2025-12-20,"Белорусский вокзал — Метро ""Бульвар Рокоссовского"""
7,1,31,sprav:3650,"Метро ""Преображенская площадь""",55.7970052,37.71486676,справочник,2025-12-20,"Белорусский вокзал — Метро ""Бульвар Рокоссовского"""
7,1,32,sprav:3651,Улица Хромова,55.80015014,37.71291695,справочник,2025-12-20,"Белорусский вокзал — Метро ""Бульвар Рокоссовского"""
7,1,33,sprav:3652,Мосгорсуд,55.80443371,37.70748084,справочник,2025-12-20,"Белорусский вокзал — Метро ""Бульвар Рокоссовского"""
7,1,34,sprav:3653,"Телерадиокомпания ""МИР""",55.80682671,37.70662416,справочник,2025-12-20,"Белорусский вокзал — Метро ""Бульвар Рокоссовского"""
7,1,35,sprav:3654,1-я Прогонная улица,55.81000988,37.70393402,справочник,2025-12-20,"Белорусский вокзал — Метро ""Бульвар Рокоссовского"""
7,1,36,sprav:3655,Инновационный университет,55.81258472,37.69763443,справочник,2025-12-20,"Белорусский вокзал — Метро ""Бульвар Рокоссовского"""
7,1,37,sprav:6160,Богородский храм,55.81489989,37.69588962,справочник,2025-12-20,"Белорусский вокзал — Метро ""Бульвар Рокоссовского"""
7,1,38,sprav:3665,Богородское,55.81657268,37.70056572,справочник,2025-12-20,"Белорусский вокзал — Метро ""Бульвар Рокоссовского"""
7,1,39,sprav:3666,Ланинский переулок,55.81876844,37.70494203,справочник,2025-12-20,"Белорусский вокзал — Метро ""Бульвар Рокоссовского"""
7,1,40,sprav:3667,Погонный проезд,55.81963163,37.71011632,справочник,2025-12-20,"Белорусский вокзал — Метро ""Бульвар Рокоссовского"""
7,1,41,sprav:3952,Игральная улица,55.81848072,37.71553261,справочник,2025-12-20,"Белорусский вокзал — Метро ""Бульвар Рокоссовского"""
7,1,42,sprav:3668,3-й проезд Подбельского,55.81800234,37.72105631,справочник,2025-12-20,"Белорусский вокзал — Метро ""Бульвар Рокоссовского"""
7,1,43,sprav:3692,5-й проезд Подбельского,55.81698697,37.72597918,справочник,2025-12-20,"Белорусский вокзал — Метро ""Бульвар Рокоссовского"""
7,1,44,sprav:8605,"Метро ""Бульвар Рокоссовского""",55.81425897,37.73418276,справочник,2025-12-20,"Белорусский вокзал — Метро ""Бульвар Рокоссовского"""
11,0,1,sprav:6152,Усадьба Останкино,55.8227811,37.61705787,справочник,2025-12-20,Усадьба Останкино — Восточное Измайлово
11,0,2,sprav:6153,Усадьба Останкино,55.82346959,37.61571397,справочник,2025-12-20,Усадьба Останкино — Восточное Измайлово
11,0,3,sprav:3609,Аргуновская улица,55.82176481,37.62131379,справочник,2025-12-20,Усадьба Останкино — Восточное Измайлово
11,0,4,sprav:3610,Улица Цандера,55.82175285,37.62821348,справочник,2025-12-20,Усадьба Останкино — Восточное Измайлово
11,0,5,sprav:3611,ВДНХ (южная),55.82199764,37.63369298,справочник,2025-12-20,Усадьба Останкино — Восточное Измайлово
11,0,6,sprav:11288,"Метро ""ВДНХ""",55.82398187,37.63883226,справочник,2025-12-20,Усадьба Останкино — Восточное Измайлово
11,0,7,sprav:10148,ВДНХ (северная),55.82702627,37.64645487,справочник,2025-12-20,Усадьба Останкино — Восточное Измайлово
11,0,8,sprav:22810,Проспект Мира,55.82629202,37.64880049,справочник,2025-12-20,Усадьба Останкино — Восточное Измайлово
11,0,9,sprav:1212,Ярославская улица,55.82493055,37.65220128,справочник,2025-12-20,Усадьба Останкино — Восточное Измайлово
11,0,10,sprav:1213,"Улица Бориса Галушкина, 17",55.82284593,37.65842513,справочник,2025-12-20,Усадьба Останкино — Восточное Измайлово
11,0,11,sprav:1214,Площадь Академика Люльки,55.82155687,37.66259641,справочник,2025-12-20,Усадьба Останкино — Восточное Измайлово
11,0,12,sprav:1215,Станция Юных натуралистов,55.81920196,37.6705852,справочник,2025-12-20,Усадьба Останкино — Восточное Измайлово
11,0,13,sprav:1216,Лингвистический университет,55.81729369,37.67884815,справочник,2025-12-20,Усадьба Останкино — Восточное Измайлово
11,0,14,sprav:7163,Ростокинский проезд,55.81532221,37.68398277,справочник,2025-12-20,Усадьба Останкино — Восточное Измайлово
11,0,15,sprav:1001713,Богатырский мост,55.8167224,37.68907251,справочник,2025-12-20,Усадьба Останкино — Восточное Измайлово
11,0,16,sprav:3613,Богородский храм,55.81479706,37.69410236,справочник,2025-12-20,Усадьба Останкино — Восточное Измайлово
11,0,17,sprav:3614,Инновационный университет,55.81229936,37.69781074,справочник,2025-12-20,Усадьба Останкино — Восточное Измайлово
11,0,18,sprav:3615,1-я Прогонная улица,55.80998018,37.70357601,справочник,2025-12-20,Усадьба Останкино — Восточное Измайлово
11,0,19,sprav:3616,"Телерадиокомпания ""МИР""",55.80717974,37.70608636,справочник,2025-12-20,Усадьба Останкино — Восточное Измайлово
11,0,20,sprav:3617,Мосгорсуд,55.80466788,37.70709936,справочник,2025-12-20,Усадьба Останкино — Восточное Измайлово
11,0,21,sprav:3618,Улица Хромова,55.79992558,37.71265136,справочник,2025-12-20,Усадьба Останкино — Восточное Измайлово
11,0,22,sprav:8630,"Метро ""Преображенская площадь""",55.79762528,37.71451347,справочник,2025-12-20,Усадьба Останкино — Восточное Измайлово
11,0,23,sprav:3850,"Метро ""Преображенская площадь""",55.79464714,37.71434124,справочник,2025-12-20,Усадьба Останкино — Восточное Измайлово
11,0,24,sprav:22814,Преображенское кладбище,55.79186012,37.71531926,справочник,2025-12-20,Усадьба Останкино — Восточное Измайлово
11,0,25,sprav:3649,Улица Преображенский Вал,55.78924832,37.71638709,справочник,2025-12-20,Усадьба Останкино — Восточное Измайлово
11,0,26,sprav:7144,Улица Измайловский Вал,55.78742708,37.716869,справочник,2025-12-20,Усадьба Останкино — Восточное Измайлово
11,0,27,sprav:3622,"Метро ""Семёновская""",55.78215255,37.72008527,справочник,2025-12-20,Усадьба Останкино — Восточное Измайлово
11,0,28,sprav:3623,Улица Ибрагимова,55.78258775,37.73112375,справочник,2025-12-20,Усадьба Останкино — Восточное Измайлово
11,0,29,sprav:3624,Фортунатовская улица,55.78286096,37.73864919,справочник,2025-12-20,Усадьба Останкино — Восточное Измайлово
11,0,30,sprav:16916,Мост Окружной железной дороги,55.78379333,37.74609084,справочник,2025-12-20,Усадьба Останкино — Восточное Измайлово
11,0,31,sprav:8844,"Метро ""Партизанская""",55.78654187,37.75022768,справочник,2025-12-20,Усадьба Останкино — Восточное Измайлово
11,0,32,sprav:3627,Главная аллея,55.7866487,37.76169693,справочник,2025-12-20,Усадьба Останкино — Восточное Измайлово
11,0,33,sprav:7894,"Галерея ""Измайлово""",55.79007904,37.77092625,справочник,2025-12-20,Усадьба Останкино — Восточное Измайлово
11,0,34,sprav:3628,Измайловская площадь,55.79207947,37.77820362,справочник,2025-12-20,Усадьба Останкино — Восточное Измайлово
11,0,35,sprav:3629,3-я Парковая улица,55.79281619,37.78379377,справочник,2025-12-20,Усадьба Останкино — Восточное Измайлово
11,0,36,sprav:3630,5-я Парковая улица,55.792988,37.78902938,справочник,2025-12-20,Усадьба Останкино — Восточное Измайлово
11,0,37,sprav:3631,7-я Парковая улица,55.79311915,37.79476118,справочник,2025-12-20,Усадьба Останкино — Восточное Измайлово
11,0,38,sprav:3632,"Метро ""Первомайская""",55.79317447,37.80028776,справочник,2025-12-20,Усадьба Останкино — Восточное Измайлово
11,0,39,sprav:4072,"Районный центр ""Первомайский""",55.79327873,37.80625892,справочник,2025-12-20,Усадьба Останкино — Восточное Измайлово
11,0,40,sprav:3691,13-я Парковая улица,55.79339478,37.81327101,справочник,2025-12-20,Усадьба Останкино — Восточное Измайлово
11,0,41,sprav:3633,15-я Парковая улица,55.79350052,37.8198454,справочник,2025-12-20,Усадьба Останкино — Восточное Измайлово
11,0,42,sprav:10463,Восточное Измайлово,55.79448147,37.82268714,справочник,2025-12-20,Усадьба Останкино — Восточное Измайлово
11,1,1,sprav:10463,Восточное Измайлово,55.79448147,37.82268714,справочник,2025-12-20,Восточное Измайлово — Усадьба Останкино
11,1,2,sprav:3707,Восточное Измайлово,55.79364821,37.82154062,справочник,2025-12-20,Восточное Измайлово — Усадьба Останкино
11,1,3,sprav:3636,15-я Парковая улица,55.7935984,37.81852669,справочник,2025-12-20,Восточное Измайлово — Усадьба Останкино
11,1,4,sprav:3637,13-я Парковая улица,55.79349712,37.8121004,справочник,2025-12-20,Восточное Измайлово — Усадьба Останкино
11,1,5,sprav:4070,"Районный центр ""Первомайский""",55.79337532,37.80490753,справочник,2025-12-20,Восточное Измайлово — Усадьба Останкино
11,1,6,sprav:4073,"Метро ""Первомайская""",55.79327072,37.79854007,справочник,2025-12-20,Восточное Измайлово — Усадьба Останкино
11,1,7,sprav:3638,7-я Парковая улица,55.79321952,37.79330963,справочник,2025-12-20,Восточное Измайлово — Усадьба Останкино
11,1,8,sprav:3639,5-я Парковая улица,55.79308626,37.78740798,справочник,2025-12-20,Восточное Измайлово — Усадьба Останкино
11,1,9,sprav:3640,3-я Парковая улица,55.7927587,37.78212551,справочник,2025-12-20,Восточное Измайлово — Усадьба Останкино
11,1,10,sprav:6257,Измайловская площадь,55.79145605,37.77504648,справочник,2025-12-20,Восточное Измайлово — Усадьба Останкино
11,1,11,sprav:7896,"Галерея ""Измайлово""",55.79019455,37.7708356,справочник,2025-12-20,Восточное Измайлово — Усадьба Останкино
11,1,12,sprav:7897,Главная аллея,55.78678655,37.76108428,справочник,2025-12-20,Восточное Измайлово — Усадьба Останкино
11,1,13,sprav:8843,"Метро ""Партизанская""",55.78665204,37.75092424,справочник,2025-12-20,Восточное Измайлово — Усадьба Останкино
11,1,14,sprav:16917,Мост Окружной железной дороги,55.78365525,37.74594301,справочник,2025-12-20,Восточное Измайлово — Усадьба Останкино
11,1,15,sprav:3644,Фортунатовская улица,55.78309315,37.73908137,справочник,2025-12-20,Восточное Измайлово — Усадьба Останкино
11,1,16,sprav:3645,Улица Ибрагимова,55.78269035,37.73005338,справочник,2025-12-20,Восточное Измайлово — Усадьба Останкино
11,1,17,sprav:3646,"Метро ""Семёновская""",55.78238945,37.72186995,справочник,2025-12-20,Восточное Измайлово — Усадьба Останкино
11,1,18,sprav:22812,"Метро ""Семёновская""",55.78259463,37.71879049,справочник,2025-12-20,Восточное Измайлово — Усадьба Останкино
11,1,19,sprav:3648,Улица Измайловский Вал,55.78746136,37.717206,справочник,2025-12-20,Восточное Измайлово — Усадьба Останкино
11,1,20,sprav:22817,Улица Преображенский Вал,55.78927165,37.7167225,справочник,2025-12-20,Восточное Измайлово — Усадьба Останкино
11,1,21,sprav:5854,Преображенское кладбище,55.79196763,37.71557242,справочник,2025-12-20,Восточное Измайлово — Усадьба Останкино
11,1,22,sprav:8595,"Метро ""Преображенская площадь""",55.79467081,37.71483784,справочник,2025-12-20,Восточное Измайлово — Усадьба Останкино
11,1,23,sprav:3650,"Метро ""Преображенская площадь""",55.7970052,37.71486676,справочник,2025-12-20,Восточное Измайлово — Усадьба Останкино
11,1,24,sprav:3651,Улица Хромова,55.80015014,37.71291695,справочник,2025-12-20,Восточное Измайлово — Усадьба Останкино
11,1,25,sprav:3652,Мосгорсуд,55.80443371,37.70748084,справочник,2025-12-20,Восточное Измайлово — Усадьба Останкино
11,1,26,sprav:3653,"Телерадиокомпания ""МИР""",55.80682671,37.70662416,справочник,2025-12-20,Восточное Измайлово — Усадьба Останкино
11,1,27,sprav:3654,1-я Прогонная улица,55.81000988,37.70393402,справочник,2025-12-20,Восточное Измайлово — Усадьба Останкино
11,1,28,sprav:3655,Инновационный университет,55.81258472,37.69763443,справочник,2025-12-20,Восточное Измайлово — Усадьба Останкино
11,1,29,sprav:4531,Богородский храм,55.81493563,37.69426254,справочник,2025-12-20,Восточное Измайлово — Усадьба Останкино
11,1,30,sprav:3656,Богатырский мост,55.81701221,37.68872806,справочник,2025-12-20,Восточное Измайлово — Усадьба Останкино
11,1,31,sprav:7120,Ростокинский проезд,55.81570202,37.68489199,справочник,2025-12-20,Восточное Измайлово — Усадьба Останкино
11,1,32,sprav:1233,Лингвистический университет,55.81738739,37.6789477,справочник,2025-12-20,Восточное Измайлово — Усадьба Останкино
11,1,33,sprav:21896,Станция Юных натуралистов,55.81930408,37.67074453,справочник,2025-12-20,Восточное Измайлово — Усадьба Останкино
11,1,34,sprav:1235,Площадь Академика Люльки,55.8216512,37.66268397,справочник,2025-12-20,Восточное Измайлово — Усадьба Останкино
11,1,35,sprav:7164,"Улица Бориса Галушкина, 17",55.82292335,37.65853611,справочник,2025-12-20,Восточное Измайлово — Усадьба Останкино
11,1,36,sprav:7165,Ярославская улица,55.82497515,37.6524134,справочник,2025-12-20,Восточное Измайлово — Усадьба Останкино
11,1,37,sprav:1238,Проспект Мира,55.82637175,37.64888199,справочник,2025-12-20,Восточное Измайлово — Усадьба Останкино
11,1,38,sprav:10149,ВДНХ (северная),55.82728059,37.64595709,справочник,2025-12-20,Восточное Измайлово — Усадьба Останкино
11,1,39,sprav:10150,"Метро ""ВДНХ""",55.82395384,37.63855518,справочник,2025-12-20,Восточное Измайлово — Усадьба Останкино
11,1,40,sprav:3657,ВДНХ (южная),55.82214444,37.6339465,справочник,2025-12-20,Восточное Измайлово — Усадьба Останкино
11,1,41,sprav:3658,Улица Цандера,55.8218625,37.62890637,справочник,2025-12-20,Восточное Измайлово — Усадьба Останкино
11,1,42,sprav:3659,Аргуновская улица,55.82192054,37.62187219,справочник,2025-12-20,Восточное Измайлово — Усадьба Останкино
11,1,43,sprav:6152,Усадьба Останкино,55.8227811,37.61705787,справочник,2025-12-20,Восточное Измайлово — Усадьба Останкино
12,0,1,sprav:10463,Восточное Измайлово,55.79448147,37.82268714,справочник,2025-12-20,Восточное Измайлово — МЦК Дубровка
12,0,2,sprav:3707,Восточное Измайлово,55.79364821,37.82154062,справочник,2025-12-20,Восточное Измайлово — МЦК Дубровка
12,0,3,sprav:3636,15-я Парковая улица,55.7935984,37.81852669,справочник,2025-12-20,Восточное Измайлово — МЦК Дубровка
12,0,4,sprav:3637,13-я Парковая улица,55.79349712,37.8121004,справочник,2025-12-20,Восточное Измайлово — МЦК Дубровка
12,0,5,sprav:4070,"Районный центр ""Первомайский""",55.79337532,37.80490753,справочник,2025-12-20,Восточное Измайлово — МЦК Дубровка
12,0,6,sprav:4073,"Метро ""Первомайская""",55.79327072,37.79854007,справочник,2025-12-20,Восточное Измайлово — МЦК Дубровка
12,0,7,sprav:3638,7-я Парковая улица,55.79321952,37.79330963,справочник,2025-12-20,Восточное Измайлово — МЦК Дубровка
12,0,8,sprav:3639,5-я Парковая улица,55.79308626,37.78740798,справочник,2025-12-20,Восточное Измайлово — МЦК Дубровка
12,0,9,sprav:3640,3-я Парковая улица,55.7927587,37.78212551,справочник,2025-12-20,Восточное Измайлово — МЦК Дубровка
12,0,10,sprav:6257,Измайловская площадь,55.79145605,37.77504648,справочник,2025-12-20,Восточное Измайлово — МЦК Дубровка
12,0,11,sprav:7896,"Галерея ""Измайлово""",55.79019455,37.7708356,справочник,2025-12-20,Восточное Измайлово — МЦК Дубровка
12,0,12,sprav:7897,Главная аллея,55.78678655,37.76108428,справочник,2025-12-20,Восточное Измайлово — МЦК Дубровка
12,0,13,sprav:8843,"Метро ""Партизанская""",55.78665204,37.75092424,справочник,2025-12-20,Восточное Измайлово — МЦК Дубровка
12,0,14,sprav:16917,Мост Окружной железной дороги,55.78365525,37.74594301,справочник,2025-12-20,Восточное Измайлово — МЦК Дубровка
12,0,15,sprav:3644,Фортунатовская улица,55.78309315,37.73908137,справочник,2025-12-20,Восточное Измайлово — МЦК Дубровка
12,0,16,sprav:3645,Улица Ибрагимова,55.78269035,37.73005338,справочник,2025-12-20,Восточное Измайлово — МЦК Дубровка
12,0,17,sprav:3646,"Метро ""Семёновская""",55.78238945,37.72186995,справочник,2025-12-20,Восточное Измайлово — МЦК Дубровка
12,0,18,sprav:21450,"Метро ""Семёновская""",55.78165116,37.71850165,справочник,2025-12-20,Восточное Измайлово — МЦК Дубровка
12,0,19,sprav:4659,Кирпичная улица,55.77756426,37.72132116,справочник,2025-12-20,Восточное Измайлово — МЦК Дубровка
12,0,20,sprav:22816,Вольная улица,55.77530992,37.72335535,справочник,2025-12-20,Восточное Измайлово — МЦК Дубровка
12,0,21,sprav:4074,10-я улица Соколиной Горы,55.77217249,37.72620637,справочник,2025-12-20,Восточное Измайлово — МЦК Дубровка
12,0,22,sprav:3927,9-я улица Соколиной Горы,55.76985337,37.72829742,справочник,2025-12-20,Восточное Измайлово — МЦК Дубровка
12,0,23,sprav:4657,8-я улица Соколиной Горы,55.76801258,37.72997799,справочник,2025-12-20,Восточное Измайлово — МЦК Дубровка
12,0,24,sprav:10406,"Проспект Будённого, 24",55.76537644,37.73237164,справочник,2025-12-20,Восточное Измайлово — МЦК Дубровка
12,0,25,sprav:4661,5-я улица Соколиной Горы,55.76250165,37.73501869,справочник,2025-12-20,Восточное Измайлово — МЦК Дубровка
12,0,26,sprav:16114,3-я улица Соколиной Горы,55.76037197,37.73699846,справочник,2025-12-20,Восточное Измайлово — МЦК Дубровка
12,0,27,sprav:3941,Гаражная улица,55.75726262,37.73982687,справочник,2025-12-20,Восточное Измайлово — МЦК Дубровка
12,0,28,sprav:6090,Улица Буракова,55.75561843,37.73695626,справочник,2025-12-20,Восточное Измайлово — МЦК Дубровка
12,0,29,sprav:6264,"Дом культуры ""Компрессор""",55.75309599,37.72392332,справочник,2025-12-20,Восточное Измайлово — МЦК Дубровка
12,0,30,sprav:1009094,"Метро ""Авиамоторная""",55.75246234,37.72077085,справочник,2025-12-20,Восточное Измайлово — МЦК Дубровка
12,0,31,sprav:14572,"Метро ""Авиамоторная""",55.75147797,37.71547704,справочник,2025-12-20,Восточное Измайлово — МЦК Дубровка
12,0,32,sprav:22095,Горбатый путепровод,55.75019468,37.70916248,справочник,2025-12-20,Восточное Измайлово — МЦК Дубровка
12,0,33,sprav:6009,Душинская улица,55.74863737,37.70119769,справочник,2025-12-20,Восточное Измайлово — МЦК Дубровка
12,0,34,sprav:15496,Старообрядческая улица,55.74786714,37.69482339,справочник,2025-12-20,Восточное Измайлово — МЦК Дубровка
12,0,35,sprav:7606,МЦД Москва-Товарная,55.74743741,37.68921718,справочник,2025-12-20,Восточное Измайлово — МЦК Дубровка
12,0,36,sprav:14922,"Метро ""Площадь Ильича""",55.74687906,37.68165749,справочник,2025-12-20,Восточное Измайлово — МЦК Дубровка
12,0,37,sprav:6011,Библиотечная улица,55.74524225,37.67860398,справочник,2025-12-20,Восточное Измайлово — МЦК Дубровка
12,0,38,sprav:6012,Новорогожская улица,55.74318985,37.67672405,справочник,2025-12-20,Восточное Измайлово — МЦК Дубровка
12,0,39,sprav:6013,Малая Андроньевская улица,55.74057473,37.67422608,справочник,2025-12-20,Восточное Измайлово — МЦК Дубровка
12,0,40,sprav:22949,Абельмановская Застава,55.73798843,37.67244582,справочник,2025-12-20,Восточное Измайлово — МЦК Дубровка
12,0,41,sprav:6014,"Кинотеатр ""Победа""",55.73521976,37.67026601,справочник,2025-12-20,Восточное Измайлово — МЦК Дубровка
12,0,42,sprav:6023,"Метро ""Пролетарская""",55.73133132,37.6634618,справочник,2025-12-20,Восточное Измайлово — МЦК Дубровка
12,0,43,sprav:8610,Динамовская улица,55.72975115,37.66152474,справочник,2025-12-20,Восточное Измайлово — МЦК Дубровка
12,0,44,sprav:8611,Арбатецкая улица,55.72684475,37.66331442,справочник,2025-12-20,Восточное Измайлово — МЦК Дубровка
12,0,45,sprav:1000509,Шарикоподшипниковская улица,55.72424032,37.66395416,справочник,2025-12-20,Восточное Измайлово — МЦК Дубровка
12,0,46,sprav:6016,ЦНИИТМАШ,55.72188493,37.66849532,справочник,2025-12-20,Восточное Измайлово — МЦК Дубровка
12,0,47,sprav:6020,Новоостаповская улица,55.72083739,37.67388165,справочник,2025-12-20,Восточное Измайлово — МЦК Дубровка
12,0,48,sprav:5387,"Метро ""Дубровка""",55.71818243,37.6760721,справочник,2025-12-20,Восточное Измайлово — МЦК Дубровка
12,0,49,sprav:10737,МЦК Дубровка,55.71537983,37.67823797,справочник,2025-12-20,Восточное Измайлово — МЦК Дубровка
12,0,50,sprav:8439,МЦК Дубровка,55.71421404,37.67850074,справочник,2025-12-20,Восточное Измайлово — МЦК Дубровка
12,1,1,sprav:8439,МЦК Дубровка,55.71421404,37.67850074,справочник,2025-12-20,МЦК Дубровка — Восточное Измайлово
12,1,2,sprav:8098,МЦК Дубровка,55.71521257,37.67853812,справочник,2025-12-20,МЦК Дубровка — Восточное Измайлово
12,1,3,sprav:6019,"Метро ""Дубровка""",55.71787208,37.67652303,справочник,2025-12-20,МЦК Дубровка — Восточное Измайлово
12,1,4,sprav:6017,Новоостаповская улица,55.72044752,37.6746132,справочник,2025-12-20,МЦК Дубровка — Восточное Измайлово
12,1,5,sprav:6021,ЦНИИТМАШ,55.72198839,37.66913948,справочник,2025-12-20,МЦК Дубровка — Восточное Измайлово
12,1,6,sprav:3788,Шарикоподшипниковская улица,55.72367835,37.66417052,справочник,2025-12-20,МЦК Дубровка — Восточное Измайлово
12,1,7,sprav:8612,Арбатецкая улица,55.72674768,37.66354269,справочник,2025-12-20,МЦК Дубровка — Восточное Измайлово
12,1,8,sprav:8613,Динамовская улица,55.73006156,37.66156425,справочник,2025-12-20,МЦК Дубровка — Восточное Измайлово
12,1,9,sprav:7193,"Метро ""Пролетарская""",55.73134335,37.66409171,справочник,2025-12-20,МЦК Дубровка — Восточное Измайлово
12,1,10,sprav:6024,"Кинотеатр ""Победа""",55.73487675,37.67037214,справочник,2025-12-20,МЦК Дубровка — Восточное Измайлово
12,1,11,sprav:6025,Абельмановская Застава,55.73794835,37.67259894,справочник,2025-12-20,МЦК Дубровка — Восточное Измайлово
12,1,12,sprav:6026,Новорогожская улица,55.74348693,37.67741908,справочник,2025-12-20,МЦК Дубровка — Восточное Измайлово
12,1,13,sprav:6027,Библиотечная улица,55.74522631,37.67909484,справочник,2025-12-20,МЦК Дубровка — Восточное Измайлово
12,1,14,sprav:8459,"Метро ""Площадь Ильича""",55.74677458,37.68172587,справочник,2025-12-20,МЦК Дубровка — Восточное Измайлово
12,1,15,sprav:7605,МЦД Москва-Товарная,55.7473783,37.68947773,справочник,2025-12-20,МЦК Дубровка — Восточное Измайлово
12,1,16,sprav:15495,Старообрядческая улица,55.74765675,37.69341695,справочник,2025-12-20,МЦК Дубровка — Восточное Измайлово
12,1,17,sprav:6029,Душинская улица,55.74870511,37.7020464,справочник,2025-12-20,МЦК Дубровка — Восточное Измайлово
12,1,18,sprav:22096,Горбатый путепровод,55.74993524,37.70844553,справочник,2025-12-20,МЦК Дубровка — Восточное Измайлово
12,1,19,sprav:5342,"Метро ""Авиамоторная""",55.75150237,37.7161645,справочник,2025-12-20,МЦК Дубровка — Восточное Измайлово
12,1,20,sprav:1009095,"Метро ""Авиамоторная""",55.75236271,37.72082716,справочник,2025-12-20,МЦК Дубровка — Восточное Измайлово
12,1,21,sprav:6266,"Дом культуры ""Компрессор""",55.75291464,37.72378877,справочник,2025-12-20,МЦК Дубровка — Восточное Измайлово
12,1,22,sprav:6087,Улица Буракова,55.75545612,37.73668507,справочник,2025-12-20,МЦК Дубровка — Восточное Измайлово
12,1,23,sprav:3930,Гаражная улица,55.75737659,37.73988521,справочник,2025-12-20,МЦК Дубровка — Восточное Измайлово
12,1,24,sprav:7143,3-я улица Соколиной Горы,55.76110903,37.73645468,справочник,2025-12-20,МЦК Дубровка — Восточное Измайлово
12,1,25,sprav:3863,5-я улица Соколиной Горы,55.76358271,37.73419408,справочник,2025-12-20,МЦК Дубровка — Восточное Измайлово
12,1,26,sprav:10702,"Проспект Будённого, 24",55.76541912,37.73250897,справочник,2025-12-20,МЦК Дубровка — Восточное Измайлово
12,1,27,sprav:4660,8-я улица Соколиной Горы,55.76798773,37.73015084,справочник,2025-12-20,МЦК Дубровка — Восточное Измайлово
12,1,28,sprav:3943,9-я улица Соколиной Горы,55.77063947,37.72774494,справочник,2025-12-20,МЦК Дубровка — Восточное Измайлово
12,1,29,sprav:4069,10-я улица Соколиной Горы,55.7727669,37.7258268,справочник,2025-12-20,МЦК Дубровка — Восточное Измайлово
12,1,30,sprav:22815,Вольная улица,55.77534646,37.7234992,справочник,2025-12-20,МЦК Дубровка — Восточное Измайлово
12,1,31,sprav:4658,Кирпичная улица,55.77764821,37.72136516,справочник,2025-12-20,МЦК Дубровка — Восточное Измайлово
12,1,32,sprav:3622,"Метро ""Семёновская""",55.78215255,37.72008527,справочник,2025-12-20,МЦК Дубровка — Восточное Измайлово
12,1,33,sprav:3623,Улица Ибрагимова,55.78258775,37.73112375,справочник,2025-12-20,МЦК Дубровка — Восточное Измайлово
12,1,34,sprav:3624,Фортунатовская улица,55.78286096,37.73864919,справочник,2025-12-20,МЦК Дубровка — Восточное Измайлово
12,1,35,sprav:16916,Мост Окружной железной дороги,55.78379333,37.74609084,справочник,2025-12-20,МЦК Дубровка — Восточное Измайлово
12,1,36,sprav:8844,"Метро ""Партизанская""",55.78654187,37.75022768,справочник,2025-12-20,МЦК Дубровка — Восточное Измайлово
12,1,37,sprav:3627,Главная аллея,55.7866487,37.76169693,справочник,2025-12-20,МЦК Дубровка — Восточное Измайлово
12,1,38,sprav:7894,"Галерея ""Измайлово""",55.79007904,37.77092625,справочник,2025-12-20,МЦК Дубровка — Восточное Измайлово
12,1,39,sprav:3628,Измайловская площадь,55.79207947,37.77820362,справочник,2025-12-20,МЦК Дубровка — Восточное Измайлово
12,1,40,sprav:3629,3-я Парковая улица,55.79281619,37.78379377,справочник,2025-12-20,МЦК Дубровка — Восточное Измайлово
12,1,41,sprav:3630,5-я Парковая улица,55.792988,37.78902938,справочник,2025-12-20,МЦК Дубровка — Восточное Измайлово
12,1,42,sprav:3631,7-я Парковая улица,55.79311915,37.79476118,справочник,2025-12-20,МЦК Дубровка — Восточное Измайлово
12,1,43,sprav:3632,"Метро ""Первомайская""",55.79317447,37.80028776,справочник,2025-12-20,МЦК Дубровка — Восточное Измайлово
12,1,44,sprav:4072,"Районный центр ""Первомайский""",55.79327873,37.80625892,справочник,2025-12-20,МЦК Дубровка — Восточное Измайлово
12,1,45,sprav:3691,13-я Парковая улица,55.79339478,37.81327101,справочник,2025-12-20,МЦК Дубровка — Восточное Измайлово
12,1,46,sprav:3633,15-я Парковая улица,55.79350052,37.8198454,справочник,2025-12-20,МЦК Дубровка — Восточное Измайлово
12,1,47,sprav:10463,Восточное Измайлово,55.79448147,37.82268714,справочник,2025-12-20,МЦК Дубровка — Восточное Измайлово
17,0,1,osm:444863659,Останкино,55.8235904,37.6157775,OSM,2025-12-25,Останкино — Медведково
17,0,2,osm:535844745,Аргуновская улица,55.8218598,37.6213391,OSM,2025-12-25,Останкино — Медведково
17,0,3,osm:639572174,Улица Цандера,55.821823,37.628137,OSM,2025-12-25,Останкино — Медведково
17,0,4,osm:535844754,ВДНХ (южный вход),55.8220741,37.6336906,OSM,2025-12-25,Останкино — Медведково
17,0,5,osm:535844761,Метро «ВДНХ»,55.8240069,37.6387399,OSM,2025-12-25,Останкино — Медведково
17,0,6,osm:243894862,ВДНХ (северный вход),55.8272146,37.6460711,OSM,2025-12-25,Останкино — Медведково
17,0,7,osm:535844764,Улица Сергея Эйзенштейна,55.8289817,37.6488419,OSM,2025-12-25,Останкино — Медведково
17,0,8,osm:535844768,Сельскохозяйственная улица,55.8318212,37.6519639,OSM,2025-12-25,Останкино — Медведково
17,0,9,osm:273091182,Улица Докукина,55.8370466,37.6582215,OSM,2025-12-25,Останкино — Медведково
17,0,10,osm:243896132,МЦК Ростокино,55.842943,37.6652471,OSM,2025-12-25,Останкино — Медведково
17,0,11,osm:535844771,Северянинский путепровод,55.8459816,37.6694964,OSM,2025-12-25,Останкино — Медведково
17,0,12,osm:535844774,Социальный фонд России,55.8507675,37.6706063,OSM,2025-12-25,Останкино — Медведково
17,0,13,osm:535844813,Берингов проезд,55.8547765,37.6647293,OSM,2025-12-25,Останкино — Медведково
17,0,14,osm:535844810,Верхоянская улица,55.8567262,37.6619052,OSM,2025-12-25,Останкино — Медведково
17,0,15,osm:535844779,Радужная улица,55.8594542,37.6602088,OSM,2025-12-25,Останкино — Медведково
17,0,16,osm:535844816,Печорская улица,55.8645961,37.6616972,OSM,2025-12-25,Останкино — Медведково
17,0,17,osm:535844818,Метро «Бабушкинская»,55.8682878,37.6635791,OSM,2025-12-25,Останкино — Медведково
17,0,18,osm:535844784,"Улица Менжинского, 38",55.8702948,37.6596176,OSM,2025-12-25,Останкино — Медведково
17,0,19,osm:535844788,Сухонская улица,55.8714122,37.6523153,OSM,2025-12-25,Останкино — Медведково
17,0,20,osm:535844782,Проезд Шокальского,55.8716849,37.6481314,OSM,2025-12-25,Останкино — Медведково
17,0,21,osm:534957374,МФЦ «Южное Медведково»,55.8716961,37.6378787,OSM,2025-12-25,Останкино — Медведково
17,0,22,osm:535844777,Культурно-досуговый центр,55.8743664,37.6370817,OSM,2025-12-25,Останкино — Медведково
17,0,23,osm:535844790,Улица Молодцова,55.8779406,37.6360426,OSM,2025-12-25,Останкино — Медведково
17,0,24,osm:1098654108,Поликлиника,55.8815736,37.6388938,OSM,2025-12-25,Останкино — Медведково
17,0,25,osm:679923004,Улица Тихомирова,55.8859136,37.6430233,OSM,2025-12-25,Останкино — Медведково
17,0,26,osm:535844808,Медведково,55.8875052,37.6429789,OSM,2025-12-25,Останкино — Медведково
17,1,1,osm:534957385,Медведково,55.8865575,37.6429552,OSM,2025-12-25,Медведково — Останкино
17,1,2,osm:534957384,Улица Тихомирова,55.8847048,37.6418096,OSM,2025-12-25,Медведково — Останкино
17,1,3,osm:534957383,Поликлиника,55.8817849,37.6390216,OSM,2025-12-25,Медведково — Останкино
17,1,4,osm:534957382,Улица Молодцова,55.8788513,37.636213,OSM,2025-12-25,Медведково — Останкино
17,1,5,osm:534957377,Культурно-досуговый центр,55.8744708,37.6369974,OSM,2025-12-25,Медведково — Останкино
17,1,6,osm:1098591539,МФЦ «Южное Медведково»,55.8718418,37.6377818,OSM,2025-12-25,Медведково — Останкино
17,1,7,osm:534957378,Проезд Шокальского,55.8715629,37.6462401,OSM,2025-12-25,Медведково — Останкино
17,1,8,osm:534957381,Сухонская улица,55.8714629,37.6515958,OSM,2025-12-25,Медведково — Останкино
17,1,9,osm:534957379,"Улица Менжинского, 38",55.8704168,37.6586348,OSM,2025-12-25,Медведково — Останкино
17,1,10,osm:534957387,Метро «Бабушкинская»,55.8682098,37.663503,OSM,2025-12-25,Медведково — Останкино
17,1,11,osm:534957386,Печорская улица,55.8642419,37.66147,OSM,2025-12-25,Медведково — Останкино
17,1,12,osm:535516946,Радужная улица,55.859861,37.6600682,OSM,2025-12-25,Медведково — Останкино
17,1,13,osm:535516949,Верхоянская улица,55.857058,37.6614864,OSM,2025-12-25,Медведково — Останкино
17,1,14,osm:535516954,Берингов проезд,55.8545022,37.6650967,OSM,2025-12-25,Медведково — Останкино
17,1,15,osm:535516942,Социальный фонд России,55.8505492,37.670591,OSM,2025-12-25,Медведково — Останкино
17,1,16,osm:535516937,Северянинский путепровод,55.8457135,37.6690538,OSM,2025-12-25,Медведково — Останкино
17,1,17,osm:535516930,МЦК Ростокино,55.8429843,37.6652301,OSM,2025-12-25,Медведково — Останкино
17,1,18,osm:535516927,Улица Докукина,55.8369197,37.657987,OSM,2025-12-25,Медведково — Останкино
17,1,19,osm:535516922,Сельскохозяйственная улица,55.8327291,37.6528158,OSM,2025-12-25,Медведково — Останкино
17,1,20,osm:535516918,Улица Сергея Эйзенштейна,55.8296408,37.6494839,OSM,2025-12-25,Медведково — Останкино
17,1,21,osm:535516914,ВДНХ (северный вход),55.8272421,37.6460967,OSM,2025-12-25,Медведково — Останкино
17,1,22,osm:535516842,Метро «ВДНХ»,55.8238048,37.6382716,OSM,2025-12-25,Медведково — Останкино
17,1,23,osm:1046562062,ВДНХ (южный вход),55.822092,37.6339085,OSM,2025-12-25,Медведково — Останкино
17,1,24,osm:1046561946,Улица Цандера,55.8218406,37.6286054,OSM,2025-12-25,Медведково — Останкино
17,1,25,osm:535516828,Аргуновская улица,55.8218859,37.6221282,OSM,2025-12-25,Медведково — Останкино
17,1,26,osm:3236023227,Останкино,55.8227374,37.6172291,OSM,2025-12-25,Медведково — Останкино
25,0,1,osm:444863659,Останкино,55.8235904,37.6157775,OSM,2025-12-25,Останкино — Метро «Сокольники»
25,0,2,osm:535844745,Аргуновская улица,55.8218598,37.6213391,OSM,2025-12-25,Останкино — Метро «Сокольники»
25,0,3,osm:639572174,Улица Цандера,55.821823,37.628137,OSM,2025-12-25,Останкино — Метро «Сокольники»
25,0,4,osm:535844754,ВДНХ (южный вход),55.8220741,37.6336906,OSM,2025-12-25,Останкино — Метро «Сокольники»
25,0,5,osm:535844761,Метро «ВДНХ»,55.8240069,37.6387399,OSM,2025-12-25,Останкино — Метро «Сокольники»
25,0,6,osm:243894862,ВДНХ (северный вход),55.8272146,37.6460711,OSM,2025-12-25,Останкино — Метро «Сокольники»
25,0,7,osm:1677617756,Ярославская улица,55.8249706,37.6522783,OSM,2025-12-25,Останкино — Метро «Сокольники»
25,0,8,osm:1677617737,"улица Бориса Галушкина, 17",55.8228406,37.6586016,OSM,2025-12-25,Останкино — Метро «Сокольники»
25,0,9,osm:1677617709,Площадь Академика Люльки,55.8219602,37.6614911,OSM,2025-12-25,Останкино — Метро «Сокольники»
25,0,10,osm:2447720025,Станция юных натуралистов,55.8191388,37.6711136,OSM,2025-12-25,Останкино — Метро «Сокольники»
25,0,11,osm:287393729,Институт иностранных языков,55.8173407,37.6787958,OSM,2025-12-25,Останкино — Метро «Сокольники»
25,0,12,osm:287393738,Ростокинский проезд,55.8154337,37.6840045,OSM,2025-12-25,Останкино — Метро «Сокольники»
25,0,13,osm:1992955354,Большая Ширяевская улица,55.810502,37.6853975,OSM,2025-12-25,Останкино — Метро «Сокольники»
25,0,14,osm:1992955357,2-й Ширяевский переулок,55.8087622,37.6877084,OSM,2025-12-25,Останкино — Метро «Сокольники»
25,0,15,osm:1992955352,Большая Оленья улица,55.8058679,37.6915524,OSM,2025-12-25,Останкино — Метро «Сокольники»
25,0,16,osm:1992955358,Майский просек,55.8026189,37.6884912,OSM,2025-12-25,Останкино — Метро «Сокольники»
25,0,17,osm:1992955363,Улица Короленко,55.7995479,37.6861749,OSM,2025-12-25,Останкино — Метро «Сокольники»
25,0,18,osm:1992955361,Охотничья улица,55.7958677,37.6828937,OSM,2025-12-25,Останкино — Метро «Сокольники»
25,0,19,osm:826381884,ПКиО Сокольники,55.792629,37.6807219,OSM,2025-12-25,Останкино — Метро «Сокольники»
25,0,20,osm:473133164,Метро «Сокольники»,55.7918534,37.6794659,OSM,2025-12-25,Останкино — Метро «Сокольники»
25,1,1,osm:473133164,Метро «Сокольники»,55.7918534,37.6794659,OSM,2025-12-25,Метро «Сокольники» — Останкино
25,1,2,osm:1984517983,ПКиО Сокольники,55.7926944,37.681146,OSM,2025-12-25,Метро «Сокольники» — Останкино
25,1,3,osm:1992955360,Охотничья улица,55.7958552,37.6829494,OSM,2025-12-25,Метро «Сокольники» — Останкино
25,1,4,osm:1992955362,Улица Короленко,55.7992914,37.6859668,OSM,2025-12-25,Метро «Сокольники» — Останкино
25,1,5,osm:1992955359,Майский просек,55.8028831,37.6888615,OSM,2025-12-25,Метро «Сокольники» — Останкино
25,1,6,osm:1992955355,Большая Оленья улица,55.8054757,37.6917199,OSM,2025-12-25,Метро «Сокольники» — Останкино
25,1,7,osm:1992955356,2-й Ширяевский переулок,55.8083611,37.6883116,OSM,2025-12-25,Метро «Сокольники» — Останкино
25,1,8,osm:1992955353,Большая Ширяевская улица,55.8105218,37.6854418,OSM,2025-12-25,Метро «Сокольники» — Останкино
25,1,9,osm:1642815217,Ростокинский проезд,55.8151031,37.6854207,OSM,2025-12-25,Метро «Сокольники» — Останкино
25,1,10,osm:718450763,Институт иностранных языков,55.8173922,37.6786674,OSM,2025-12-25,Метро «Сокольники» — Останкино
25,1,11,osm:287393722,Станция юных натуралистов,55.8193086,37.6706581,OSM,2025-12-25,Метро «Сокольники» — Останкино
25,1,12,osm:1677617703,Площадь Академика Люльки,55.8217922,37.6621394,OSM,2025-12-25,Метро «Сокольники» — Останкино
25,1,13,osm:1677617745,"улица Бориса Галушкина, 17",55.8230517,37.658004,OSM,2025-12-25,Метро «Сокольники» — Останкино
25,1,14,osm:1677617750,Ярославская улица,55.8249588,37.6523865,OSM,2025-12-25,Метро «Сокольники» — Останкино
25,1,15,osm:1677617714,Проспект Мира,55.8263898,37.6487246,OSM,2025-12-25,Метро «Сокольники» — Останкино
25,1,16,osm:535516914,ВДНХ (северный вход),55.8272421,37.6460967,OSM,2025-12-25,Метро «Сокольники» — Останкино
25,1,17,osm:535516842,Метро «ВДНХ»,55.8238048,37.6382716,OSM,2025-12-25,Метро «Сокольники» — Останкино
25,1,18,osm:1046562062,ВДНХ (южный вход),55.822092,37.6339085,OSM,2025-12-25,Метро «Сокольники» — Останкино
25,1,19,osm:1046561946,Улица Цандера,55.8218406,37.6286054,OSM,2025-12-25,Метро «Сокольники» — Останкино
25,1,20,osm:535516828,Аргуновская улица,55.8218859,37.6221282,OSM,2025-12-25,Метро «Сокольники» — Останкино
25,1,21,osm:3236023227,Останкино,55.8227374,37.6172291,OSM,2025-12-25,Метро «Сокольники» — Останкино
26,0,1,osm:1376488524,Метро «Университет»,55.6921111,37.5377142,OSM,2025-12-25,Метро «Университет» — Метро «Октябрьская»
26,0,2,osm:1376488519,Драмтеатр,55.6911502,37.539406,OSM,2025-12-25,Метро «Университет» — Метро «Октябрьская»
26,0,3,osm:1376488523,Ленинский проспект,55.6886447,37.5437852,OSM,2025-12-25,Метро «Университет» — Метро «Октябрьская»
26,0,4,osm:1376488521,Центр здоровья детей,55.6862314,37.5479437,OSM,2025-12-25,Метро «Университет» — Метро «Октябрьская»
26,0,5,osm:1376488538,Черёмушкинский рынок,55.6842467,37.5513913,OSM,2025-12-25,Метро «Университет» — Метро «Октябрьская»
26,0,6,osm:1376488529,Улица Вавилова,55.6850675,37.5555395,OSM,2025-12-25,Метро «Университет» — Метро «Октябрьская»
26,0,7,osm:1376488760,Улица Ивана Бабушкина,55.6837857,37.5592693,OSM,2025-12-25,Метро «Университет» — Метро «Октябрьская»
26,0,8,osm:1376488528,Профсоюзная улица,55.6815307,37.5658475,OSM,2025-12-25,Метро «Университет» — Метро «Октябрьская»
26,0,9,osm:1376488526,Новочерёмушкинская улица,55.678665,37.5741684,OSM,2025-12-25,Метро «Университет» — Метро «Октябрьская»
26,0,10,osm:1376488532,Центр детского творчества,55.6772089,37.5783688,OSM,2025-12-25,Метро «Университет» — Метро «Октябрьская»
26,0,11,osm:1376488536,Черёмушки,55.6795889,37.5843858,OSM,2025-12-25,Метро «Университет» — Метро «Октябрьская»
26,0,12,osm:1376500685,Улица Дмитрия Ульянова,55.6829072,37.5899901,OSM,2025-12-25,Метро «Университет» — Метро «Октябрьская»
26,0,13,osm:1376500650,Улица Винокурова,55.6864645,37.5938583,OSM,2025-12-25,Метро «Университет» — Метро «Октябрьская»
26,0,14,osm:1376500843,Улица Шверника,55.6885939,37.5960594,OSM,2025-12-25,Метро «Университет» — Метро «Октябрьская»
26,0,15,osm:10735066095,Загородное шоссе,55.6920783,37.6026133,OSM,2025-12-25,Метро «Университет» — Метро «Октябрьская»
26,0,16,osm:1376500701,"Севастопольский проспект, 1",55.6939474,37.6075406,OSM,2025-12-25,Метро «Университет» — Метро «Октябрьская»
26,0,17,osm:1376500632,Больница имени Алексеева,55.6970517,37.6116657,OSM,2025-12-25,Метро «Университет» — Метро «Октябрьская»
26,0,18,osm:1376500706,Спортивная школа «Тринта»,55.6999147,37.6143137,OSM,2025-12-25,Метро «Университет» — Метро «Октябрьская»
26,0,19,osm:1376500694,Духовской переулок,55.7042387,37.6125254,OSM,2025-12-25,Метро «Университет» — Метро «Октябрьская»
26,0,20,osm:1376500849,3-я Рощинская улица,55.7078634,37.6106132,OSM,2025-12-25,Метро «Университет» — Метро «Октябрьская»
26,0,21,osm:1376500847,3-й Верхний Михайловский проезд,55.7087395,37.606892,OSM,2025-12-25,Метро «Университет» — Метро «Октябрьская»
26,0,22,osm:1376510977,Серпуховский Вал,55.7124896,37.6067033,OSM,2025-12-25,Метро «Университет» — Метро «Октябрьская»
26,0,23,osm:1376510975,Улица Лестева,55.7161231,37.6080883,OSM,2025-12-25,Метро «Университет» — Метро «Октябрьская»
26,0,24,osm:4370973807,Метро «Шаболовская»,55.7189065,37.6091413,OSM,2025-12-25,Метро «Университет» — Метро «Октябрьская»
26,0,25,osm:1376510980,Фабрика «Ударница»,55.7229183,37.6106726,OSM,2025-12-25,Метро «Университет» — Метро «Октябрьская»
26,0,26,osm:10871512070,Метро «Октябрьская»,55.7265831,37.6116597,OSM,2025-12-25,Метро «Университет» — Метро «Октябрьская»
26,1,1,osm:1376510974,Метро «Октябрьская»,55.7268934,37.6116715,OSM,2025-12-25,Метро «Октябрьская» — Метро «Университет»
26,1,2,osm:1376510981,Фабрика «Ударница»,55.7226797,37.6105282,OSM,2025-12-25,Метро «Октябрьская» — Метро «Университет»
26,1,3,osm:1376510978,Метро «Шаболовская»,55.7186311,37.6089853,OSM,2025-12-25,Метро «Октябрьская» — Метро «Университет»
26,1,4,osm:1376510976,Улица Лестева,55.7141415,37.6072739,OSM,2025-12-25,Метро «Октябрьская» — Метро «Университет»
26,1,5,osm:1376500848,Серпуховский Вал,55.7106575,37.6061337,OSM,2025-12-25,Метро «Октябрьская» — Метро «Университет»
26,1,6,osm:1376500850,3-я Рощинская улица,55.7083293,37.6091785,OSM,2025-12-25,Метро «Октябрьская» — Метро «Университет»
26,1,7,osm:1376500695,Духовской переулок,55.7046676,37.6120453,OSM,2025-12-25,Метро «Октябрьская» — Метро «Университет»
26,1,8,osm:1376500709,Спортивная школа «Тринта»,55.7003102,37.6145911,OSM,2025-12-25,Метро «Октябрьская» — Метро «Университет»
26,1,9,osm:1376500648,Больница имени Алексеева,55.6977119,37.6121834,OSM,2025-12-25,Метро «Октябрьская» — Метро «Университет»
26,1,10,osm:1376500704,"Севастопольский проспект, 1",55.6936589,37.6066745,OSM,2025-12-25,Метро «Октябрьская» — Метро «Университет»
26,1,11,osm:1376500698,Загородное шоссе,55.6919581,37.6021874,OSM,2025-12-25,Метро «Октябрьская» — Метро «Университет»
26,1,12,osm:1376500846,Улица Шверника,55.6890945,37.5965512,OSM,2025-12-25,Метро «Октябрьская» — Метро «Университет»
26,1,13,osm:1376500684,Улица Винокурова,55.6862682,37.593587,OSM,2025-12-25,Метро «Октябрьская» — Метро «Университет»
26,1,14,osm:1376500692,Улица Дмитрия Ульянова,55.6827554,37.589751,OSM,2025-12-25,Метро «Октябрьская» — Метро «Университет»
26,1,15,osm:1376492012,Черёмушки,55.6801747,37.585235,OSM,2025-12-25,Метро «Октябрьская» — Метро «Университет»
26,1,16,osm:1376488531,Центр детского творчества,55.6771724,37.5799934,OSM,2025-12-25,Метро «Октябрьская» — Метро «Университет»
26,1,17,osm:1376488525,Новочерёмушкинская улица,55.6787811,37.5739747,OSM,2025-12-25,Метро «Октябрьская» — Метро «Университет»
26,1,18,osm:1376488527,Профсоюзная улица,55.6810388,37.5674395,OSM,2025-12-25,Метро «Октябрьская» — Метро «Университет»
26,1,19,osm:1376488759,Улица Ивана Бабушкина,55.6835674,37.560052,OSM,2025-12-25,Метро «Октябрьская» — Метро «Университет»
26,1,20,osm:1376488530,Улица Вавилова,55.685378,37.5547537,OSM,2025-12-25,Метро «Октябрьская» — Метро «Университет»
26,1,21,osm:1376488537,Черёмушкинский рынок,55.6848546,37.5504371,OSM,2025-12-25,Метро «Октябрьская» — Метро «Университет»
26,1,22,osm:1376488520,Центр здоровья детей,55.6863576,37.5478178,OSM,2025-12-25,Метро «Октябрьская» — Метро «Университет»
26,1,23,osm:1376488522,Ленинский проспект,55.6886766,37.5438414,OSM,2025-12-25,Метро «Октябрьская» — Метро «Университет»
26,1,24,osm:1376488518,Драмтеатр,55.6909162,37.5399283,OSM,2025-12-25,Метро «Октябрьская» — Метро «Университет»
26,1,25,osm:1376495190,Метро «Университет»,55.6926426,37.5369453,OSM,2025-12-25,Метро «Октябрьская» — Метро «Университет»
28,0,1,osm:2424418056,Метро «Сокол»,55.805802,37.5086983,OSM,2025-12-25,Метро «Сокол» — Проспект Маршала Жукова
28,0,2,osm:2424327579,Гидропроект,55.8067505,37.5052959,OSM,2025-12-25,Метро «Сокол» — Проспект Маршала Жукова
28,0,3,osm:2424320147,Университет РОСБИОТЕХ,55.8079649,37.4988346,OSM,2025-12-25,Метро «Сокол» — Проспект Маршала Жукова
28,0,4,osm:2424317942,Улица Панфилова,55.8089822,37.4939005,OSM,2025-12-25,Метро «Сокол» — Проспект Маршала Жукова
28,0,5,osm:825877090,Пехотная улица,55.8106388,37.4825773,OSM,2025-12-25,Метро «Сокол» — Проспект Маршала Жукова
28,0,6,osm:798645928,Улица Академика Курчатова,55.8104056,37.4762634,OSM,2025-12-25,Метро «Сокол» — Проспект Маршала Жукова
28,0,7,osm:945438226,Диспансер,55.8102117,37.4697611,OSM,2025-12-25,Метро «Сокол» — Проспект Маршала Жукова
28,0,8,osm:303302468,Метро «Щукинская»,55.8099877,37.4631335,OSM,2025-12-25,Метро «Сокол» — Проспект Маршала Жукова
28,0,9,osm:711057604,Медицинский центр имени Бурназяна,55.8068443,37.4581526,OSM,2025-12-25,Метро «Сокол» — Проспект Маршала Жукова
28,0,10,osm:943820342,Детская поликлиника,55.8056539,37.4535993,OSM,2025-12-25,Метро «Сокол» — Проспект Маршала Жукова
28,0,11,osm:943820347,"Улица Живописная, 50",55.8013013,37.4502931,OSM,2025-12-25,Метро «Сокол» — Проспект Маршала Жукова
28,0,12,osm:943820345,Улица Рогова,55.7940982,37.4543868,OSM,2025-12-25,Метро «Сокол» — Проспект Маршала Жукова
28,0,13,osm:825976719,Бассейн,55.7893539,37.4541559,OSM,2025-12-25,Метро «Сокол» — Проспект Маршала Жукова
28,0,14,osm:943820332,Улица Маршала Тухачевского,55.7848201,37.4551867,OSM,2025-12-25,Метро «Сокол» — Проспект Маршала Жукова
28,0,15,osm:11126908381,Проспект Маршала Жукова,55.7802392,37.4538925,OSM,2025-12-25,Метро «Сокол» — Проспект Маршала Жукова
28,1,1,osm:825879399,Проспект Маршала Жукова,55.7804252,37.4549434,OSM,2025-12-25,Проспект Маршала Жукова — Метро «Сокол»
28,1,2,osm:944176908,Улица Маршала Тухачевского,55.7846637,37.4553494,OSM,2025-12-25,Проспект Маршала Жукова — Метро «Сокол»
28,1,3,osm:825953891,Бассейн,55.788883,37.4541926,OSM,2025-12-25,Проспект Маршала Жукова — Метро «Сокол»
28,1,4,osm:944176922,Улица Рогова,55.794318,37.4544357,OSM,2025-12-25,Проспект Маршала Жукова — Метро «Сокол»
28,1,5,osm:944176905,"Улица Живописная, 50",55.8011484,37.4503483,OSM,2025-12-25,Проспект Маршала Жукова — Метро «Сокол»
28,1,6,osm:944176914,Детская поликлиника,55.8055914,37.4532373,OSM,2025-12-25,Проспект Маршала Жукова — Метро «Сокол»
28,1,7,osm:946177826,Метро «Щукинская»,55.8099037,37.4622295,OSM,2025-12-25,Проспект Маршала Жукова — Метро «Сокол»
28,1,8,osm:946177823,Диспансер,55.8101418,37.4689969,OSM,2025-12-25,Проспект Маршала Жукова — Метро «Сокол»
28,1,9,osm:6162356566,Покровское-Стрешнево,55.8103108,37.4743843,OSM,2025-12-25,Проспект Маршала Жукова — Метро «Сокол»
28,1,10,osm:943034221,Улица Академика Курчатова,55.8103898,37.4769147,OSM,2025-12-25,Проспект Маршала Жукова — Метро «Сокол»
28,1,11,osm:943034197,Пехотная улица,55.8106182,37.4831449,OSM,2025-12-25,Проспект Маршала Жукова — Метро «Сокол»
28,1,12,osm:2424317941,Улица Панфилова,55.8088711,37.4942834,OSM,2025-12-25,Проспект Маршала Жукова — Метро «Сокол»
28,1,13,osm:2424320142,Университет РОСБИОТЕХ,55.8077868,37.4996145,OSM,2025-12-25,Проспект Маршала Жукова — Метро «Сокол»
28,1,14,osm:2424327578,Гидропроект,55.8067939,37.5048796,OSM,2025-12-25,Проспект Маршала Жукова — Метро «Сокол»
28,1,15,osm:2424418056,Метро «Сокол»,55.805802,37.5086983,OSM,2025-12-25,Проспект Маршала Жукова — Метро «Сокол»
50,0,1,osm:800886899,Дом культуры «Компрессор»,55.7530488,37.7238732,OSM,2025-12-25,Дом культуры «Компрессор» — Метро «Новослободская»
50,0,2,osm:7618078829,Метро «Авиамоторная»,55.7524097,37.7205977,OSM,2025-12-25,Дом культуры «Компрессор» — Метро «Новослободская»
50,0,3,osm:800886916,Метро «Авиамоторная»,55.7515035,37.7157334,OSM,2025-12-25,Дом культуры «Компрессор» — Метро «Новослободская»
50,0,4,osm:1507754589,МЭИ,55.7542282,37.7087173,OSM,2025-12-25,Дом культуры «Компрессор» — Метро «Новослободская»
50,0,5,osm:1507754571,Улица Лефортовский Вал,55.7575325,37.6987546,OSM,2025-12-25,Дом культуры «Компрессор» — Метро «Новослободская»
50,0,6,osm:1507754852,1-й Краснокурсантский проезд,55.7593737,37.6932552,OSM,2025-12-25,Дом культуры «Компрессор» — Метро «Новослободская»
50,0,7,osm:1507754587,Лефортовский мост,55.7612358,37.6880219,OSM,2025-12-25,Дом культуры «Компрессор» — Метро «Новослободская»
50,0,8,osm:2360761231,Лефортовская набережная,55.7628491,37.682302,OSM,2025-12-25,Дом культуры «Компрессор» — Метро «Новослободская»
50,0,9,osm:2360708033,МГТУ имени Баумана,55.7652327,37.6801323,OSM,2025-12-25,Дом культуры «Компрессор» — Метро «Новослободская»
50,0,10,osm:2360708026,Аптекарский переулок,55.768105,37.6796233,OSM,2025-12-25,Дом культуры «Компрессор» — Метро «Новослободская»
50,0,11,osm:2360708034,Метро «Бауманская»,55.772195,37.6786612,OSM,2025-12-25,Дом культуры «Компрессор» — Метро «Новослободская»
50,0,12,osm:2358271807,Басманный двор,55.7751735,37.6778637,OSM,2025-12-25,Дом культуры «Компрессор» — Метро «Новослободская»
50,0,13,osm:2358271811,Поликлиника,55.777094,37.6734216,OSM,2025-12-25,Дом культуры «Компрессор» — Метро «Новослободская»
50,0,14,osm:2358271809,Ольховская улица,55.7763944,37.6703821,OSM,2025-12-25,Дом культуры «Компрессор» — Метро «Новослободская»
50,0,15,osm:2358271813,Метро «Красносельская»,55.7790764,37.6668325,OSM,2025-12-25,Дом культуры «Компрессор» — Метро «Новослободская»
50,0,16,osm:387747233,Метро «Комсомольская»,55.7754616,37.6563076,OSM,2025-12-25,Дом культуры «Компрессор» — Метро «Новослободская»
50,0,17,osm:13134322142,МЦД Площадь трёх вокзалов,55.7746859,37.6527737,OSM,2025-12-25,Дом культуры «Компрессор» — Метро «Новослободская»
50,0,18,osm:2214943613,Каланчёвская улица,55.7762135,37.6496992,OSM,2025-12-25,Дом культуры «Компрессор» — Метро «Новослободская»
50,0,19,osm:697485006,Пантелеевская улица,55.7795661,37.6451873,OSM,2025-12-25,Дом культуры «Компрессор» — Метро «Новослободская»
50,0,20,osm:473120403,Астраханский переулок,55.7797137,37.6414789,OSM,2025-12-25,Дом культуры «Компрессор» — Метро «Новослободская»
50,0,21,osm:697485002,Ботанический переулок,55.7799462,37.6391258,OSM,2025-12-25,Дом культуры «Компрессор» — Метро «Новослободская»
50,0,22,osm:697485003,Метро «Проспект Мира»,55.7804252,37.6345339,OSM,2025-12-25,Дом культуры «Компрессор» — Метро «Новослободская»
50,0,23,osm:4656724436,Спорткомплекс «Олимпийский»,55.7806765,37.6322647,OSM,2025-12-25,Дом культуры «Компрессор» — Метро «Новослободская»
50,0,24,osm:1257401479,Улица Гиляровского,55.7797081,37.6309371,OSM,2025-12-25,Дом культуры «Компрессор» — Метро «Новослободская»
50,0,25,osm:1257401483,Улица Щепкина,55.7783415,37.6295646,OSM,2025-12-25,Дом культуры «Компрессор» — Метро «Новослободская»
50,0,26,osm:3016214907,Театр зверей имени Дурова,55.7789735,37.6237388,OSM,2025-12-25,Дом культуры «Компрессор» — Метро «Новослободская»
50,0,27,osm:3598834231,Самотёчная улица,55.7785719,37.6168427,OSM,2025-12-25,Дом культуры «Компрессор» — Метро «Новослободская»
50,0,28,osm:1257401477,4-й Самотёчный переулок,55.7794186,37.6131408,OSM,2025-12-25,Дом культуры «Компрессор» — Метро «Новослободская»
50,0,29,osm:3016716232,Селезнёвская улица,55.7805585,37.6090907,OSM,2025-12-25,Дом культуры «Компрессор» — Метро «Новослободская»
50,0,30,osm:1257401460,Улица Достоевского,55.7826567,37.6108477,OSM,2025-12-25,Дом культуры «Компрессор» — Метро «Новослободская»
50,0,31,osm:12464911097,Площадь Борьбы,55.7851841,37.6067729,OSM,2025-12-25,Дом культуры «Компрессор» — Метро «Новослободская»
50,0,32,osm:2631470100,Главный корпус МИИТ,55.787001,37.6087215,OSM,2025-12-25,Дом культуры «Компрессор» — Метро «Новослободская»
50,0,33,osm:13388798130,МИИТ,55.7889435,37.6099502,OSM,2025-12-25,Дом культуры «Компрессор» — Метро «Новослободская»
50,0,34,osm:2631470114,Улица Образцова,55.790079,37.6093138,OSM,2025-12-25,Дом культуры «Компрессор» — Метро «Новослободская»
50,0,35,osm:2631470097,Дворец культуры МИИТ,55.7897343,37.6045073,OSM,2025-12-25,Дом культуры «Компрессор» — Метро «Новослободская»
50,0,36,osm:2631470108,Минаевский переулок,55.7894817,37.6011028,OSM,2025-12-25,Дом культуры «Компрессор» — Метро «Новослободская»
50,0,37,osm:2631470112,Тихвинский переулок,55.7880228,37.6005454,OSM,2025-12-25,Дом культуры «Компрессор» — Метро «Новослободская»
50,0,38,osm:3007026870,Улица Палиха,55.7843331,37.6012202,OSM,2025-12-25,Дом культуры «Компрессор» — Метро «Новослободская»
50,0,39,osm:4291992589,Метро «Менделеевская»,55.7819789,37.6016624,OSM,2025-12-25,Дом культуры «Компрессор» — Метро «Новослободская»
50,0,40,osm:3016749921,Метро «Новослободская»,55.7797846,37.6022115,OSM,2025-12-25,Дом культуры «Компрессор» — Метро «Новослободская»
50,0,41,osm:3016750433,Метро «Новослободская»,55.7788865,37.6044974,OSM,2025-12-25,Дом культуры «Компрессор» — Метро «Новослободская»
50,1,1,osm:3016750433,Метро «Новослободская»,55.7788865,37.6044974,OSM,2025-12-25,Метро «Новослободская» — Дом культуры «Компрессор»
50,1,2,osm:3016750453,Метро «Новослободская»,55.7799775,37.6021809,OSM,2025-12-25,Метро «Новослободская» — Дом культуры «Компрессор»
50,1,3,osm:679350543,Метро «Менделеевская»,55.7822532,37.6016908,OSM,2025-12-25,Метро «Новослободская» — Дом культуры «Компрессор»
50,1,4,osm:2631470110,Улица Палиха,55.7856552,37.6015668,OSM,2025-12-25,Метро «Новослободская» — Дом культуры «Компрессор»
50,1,5,osm:2631470111,Тихвинский переулок,55.7876989,37.6007055,OSM,2025-12-25,Метро «Новослободская» — Дом культуры «Компрессор»
50,1,6,osm:4291992590,Минаевский переулок,55.7895582,37.6025232,OSM,2025-12-25,Метро «Новослободская» — Дом культуры «Компрессор»
50,1,7,osm:2631470095,Дворец культуры МИИТ,55.7897464,37.6050345,OSM,2025-12-25,Метро «Новослободская» — Дом культуры «Компрессор»
50,1,8,osm:2631470113,Улица Образцова,55.7900162,37.6088081,OSM,2025-12-25,Метро «Новослободская» — Дом культуры «Компрессор»
50,1,9,osm:13388798128,МИИТ,55.7889999,37.6099015,OSM,2025-12-25,Метро «Новослободская» — Дом культуры «Компрессор»
50,1,10,osm:2631470105,Главный корпус МИИТ,55.7873851,37.6090542,OSM,2025-12-25,Метро «Новослободская» — Дом культуры «Компрессор»
50,1,11,osm:12464935104,Площадь Борьбы,55.7843377,37.6069101,OSM,2025-12-25,Метро «Новослободская» — Дом культуры «Компрессор»
50,1,12,osm:3007312924,Улица Достоевского,55.783144,37.6104435,OSM,2025-12-25,Метро «Новослободская» — Дом культуры «Компрессор»
50,1,13,osm:3016721033,Селезнёвская улица,55.7811663,37.6091909,OSM,2025-12-25,Метро «Новослободская» — Дом культуры «Компрессор»
50,1,14,osm:473120396,4-й Самотёчный переулок,55.7795009,37.6128558,OSM,2025-12-25,Метро «Новослободская» — Дом культуры «Компрессор»
50,1,15,osm:473120397,Самотёчная улица,55.778521,37.6169873,OSM,2025-12-25,Метро «Новослободская» — Дом культуры «Компрессор»
50,1,16,osm:3016214896,Театр зверей имени Дурова,55.7790421,37.6232957,OSM,2025-12-25,Метро «Новослободская» — Дом культуры «Компрессор»
50,1,17,osm:473120399,Улица Щепкина,55.778312,37.6286886,OSM,2025-12-25,Метро «Новослободская» — Дом культуры «Компрессор»
50,1,18,osm:473120400,Улица Гиляровского,55.7792951,37.630905,OSM,2025-12-25,Метро «Новослободская» — Дом культуры «Компрессор»
50,1,19,osm:4656724435,Спорткомплекс «Олимпийский»,55.7806137,37.6323751,OSM,2025-12-25,Метро «Новослободская» — Дом культуры «Компрессор»
50,1,20,osm:473120401,Метро «Проспект Мира»,55.7804065,37.6343838,OSM,2025-12-25,Метро «Новослободская» — Дом культуры «Компрессор»
50,1,21,osm:473120402,Ботанический переулок,55.7798197,37.6399804,OSM,2025-12-25,Метро «Новослободская» — Дом культуры «Компрессор»
50,1,22,osm:4291989484,Астраханский переулок,55.7796845,37.6420429,OSM,2025-12-25,Метро «Новослободская» — Дом культуры «Компрессор»
50,1,23,osm:473120404,Пантелеевская улица,55.7793525,37.6454248,OSM,2025-12-25,Метро «Новослободская» — Дом культуры «Компрессор»
50,1,24,osm:11987259526,Каланчёвская улица,55.7757977,37.650312,OSM,2025-12-25,Метро «Новослободская» — Дом культуры «Компрессор»
50,1,25,osm:13134322144,МЦД Площадь трёх вокзалов,55.7746318,37.6531564,OSM,2025-12-25,Метро «Новослободская» — Дом культуры «Компрессор»
50,1,26,osm:471943151,Метро «Комсомольская»,55.7752772,37.6555161,OSM,2025-12-25,Метро «Новослободская» — Дом культуры «Компрессор»
50,1,27,osm:471943152,Метро «Красносельская»,55.7792274,37.665607,OSM,2025-12-25,Метро «Новослободская» — Дом культуры «Компрессор»
50,1,28,osm:2358271808,Нижняя Красносельская улица,55.7789857,37.6669072,OSM,2025-12-25,Метро «Новослободская» — Дом культуры «Компрессор»
50,1,29,osm:2358271810,Ольховская улица,55.7766865,37.6699352,OSM,2025-12-25,Метро «Новослободская» — Дом культуры «Компрессор»
50,1,30,osm:2358271812,Поликлиника,55.777121,37.6735399,OSM,2025-12-25,Метро «Новослободская» — Дом культуры «Компрессор»
50,1,31,osm:2360708029,Басманный двор,55.7752275,37.6777957,OSM,2025-12-25,Метро «Новослободская» — Дом культуры «Компрессор»
50,1,32,osm:2360708036,Метро «Бауманская»,55.7725615,37.6785273,OSM,2025-12-25,Метро «Новослободская» — Дом культуры «Компрессор»
50,1,33,osm:2360708027,Аптекарский переулок,55.7691394,37.6793595,OSM,2025-12-25,Метро «Новослободская» — Дом культуры «Компрессор»
50,1,34,osm:2360708032,МГТУ имени Баумана,55.7656992,37.680003,OSM,2025-12-25,Метро «Новослободская» — Дом культуры «Компрессор»
50,1,35,osm:2360761234,Лефортовская набережная,55.7628785,37.6815409,OSM,2025-12-25,Метро «Новослободская» — Дом культуры «Компрессор»
50,1,36,osm:1507754582,Лефортовский мост,55.76114,37.688202,OSM,2025-12-25,Метро «Новослободская» — Дом культуры «Компрессор»
50,1,37,osm:1507754858,1-й Краснокурсантский проезд,55.7587729,37.6949228,OSM,2025-12-25,Метро «Новослободская» — Дом культуры «Компрессор»
50,1,38,osm:1507754577,Улица Лефортовский Вал,55.7572129,37.699614,OSM,2025-12-25,Метро «Новослободская» — Дом культуры «Компрессор»
50,1,39,osm:1507754592,МЭИ,55.7544512,37.707971,OSM,2025-12-25,Метро «Новослободская» — Дом культуры «Компрессор»
50,1,40,osm:250722843,Метро «Авиамоторная»,55.7515552,37.7161454,OSM,2025-12-25,Метро «Новослободская» — Дом культуры «Компрессор»
50,1,41,osm:7618078828,Метро «Авиамоторная»,55.7523273,37.7203255,OSM,2025-12-25,Метро «Новослободская» — Дом культуры «Компрессор»
50,1,42,osm:695081254,Дом культуры «Компрессор»,55.7529882,37.7237671,OSM,2025-12-25,Метро «Новослободская» — Дом культуры «Компрессор»
