system,name,start,end,source
modular,зимние 2024/25,2024-12-29,2025-01-08,https://idistur-kids.ru/news/kanikuly-2024-2025-novyi-grafik-otdykha-dlya-moskovskikh-shkolnikov
modular,февральские 2024/25,2025-02-15,2025-02-23,https://idistur-kids.ru/news/kanikuly-2024-2025-novyi-grafik-otdykha-dlya-moskovskikh-shkolnikov
modular,весенние 2024/25,2025-04-05,2025-04-13,https://idistur-kids.ru/news/kanikuly-2024-2025-novyi-grafik-otdykha-dlya-moskovskikh-shkolnikov
modular,летние 2025,2025-05-27,2025-08-31,https://skillbox.ru/media/education/kanikuly-v-20242025-godu-kogda-otdykhayut-shkolniki/
modular,осенние I 2025/26,2025-10-04,2025-10-12,https://agroclasses.svoevagro.ru/publications/shkolnye-kanikuly-v-2025-2026-uchebnom-godu-podtverzhdyonnye-daty-varianty-dlya-trimestrov-i-sravnenie-s-proshlym-godom
modular,осенние II 2025/26,2025-11-15,2025-11-23,https://agroclasses.svoevagro.ru/publications/shkolnye-kanikuly-v-2025-2026-uchebnom-godu-podtverzhdyonnye-daty-varianty-dlya-trimestrov-i-sravnenie-s-proshlym-godom
modular,зимние 2025/26,2025-12-31,2026-01-11,https://agroclasses.svoevagro.ru/publications/shkolnye-kanikuly-v-2025-2026-uchebnom-godu-podtverzhdyonnye-daty-varianty-dlya-trimestrov-i-sravnenie-s-proshlym-godom
quarter,зимние 2024/25,2024-12-29,2025-01-08,https://spravke.livejournal.com/706247.html
quarter,весенние 2024/25,2025-03-22,2025-03-30,https://spravke.livejournal.com/706247.html
quarter,летние 2025,2025-05-27,2025-08-31,https://skillbox.ru/media/education/kanikuly-v-20242025-godu-kogda-otdykhayut-shkolniki/
quarter,осенние 2025/26,2025-10-25,2025-11-02,https://skillbox.ru/media/education/shkolnye-kanikuly-na-20252026-uchebnyy-god-raspisanie-po-chetvertyam-i-trimestram/
quarter,зимние 2025/26,2025-12-31,2026-01-11,https://skillbox.ru/media/education/shkolnye-kanikuly-na-20252026-uchebnyy-god-raspisanie-po-chetvertyam-i-trimestram/
modular,февральские 2025/26,2026-02-21,2026-03-01,https://agroclasses.svoevagro.ru/publications/shkolnye-kanikuly-v-2025-2026-uchebnom-godu-podtverzhdyonnye-daty-varianty-dlya-trimestrov-i-sravnenie-s-proshlym-godom
modular,весенние 2025/26,2026-03-28,2026-04-05,https://agroclasses.svoevagro.ru/publications/shkolnye-kanikuly-v-2025-2026-uchebnom-godu-podtverzhdyonnye-daty-varianty-dlya-trimestrov-i-sravnenie-s-proshlym-godom
modular,летние 2026,2026-05-27,2026-08-31,https://lenta.ru/articles/2026/05/08/letnie-kanikuly-2026/
quarter,весенние 2025/26,2026-03-28,2026-04-05,https://skillbox.ru/media/education/shkolnye-kanikuly-na-20252026-uchebnyy-god-raspisanie-po-chetvertyam-i-trimestram/
quarter,летние 2026,2026-05-27,2026-08-31,https://lenta.ru/articles/2026/05/08/letnie-kanikuly-2026/
